description,category
New Mango Jacket,Shopping
Tian Tian,Groceries
Octopus Eng,Bills
Thames Water,Bills
Council Tax,Bills
TKmaxx,Shopping
Wifi,Bills
Snoopy Vet,Dogs
Lidl,Groceries
Pizza lunch w kai,Eating Out
UBS,Eating Out
Icloud,Bills
Lidl,Groceries
Lidl,Groceries
UBS,Eating Out
Three Unc,Eating Out
Lidl,Groceries
M&S,Groceries
Pizza @ Selfridges,Eating Out
Dog food,Dogs
Slade Cafe,Eating Out
Tsujiri,Eating Out
Donation to church,Gifts
Seoul Plaza,Groceries
C&R,Eating Out
Kebab,Eating Out
Iceland,Groceries
Kebab,Eating Out
Oyster,Transportation
Tesco,Groceries
UBS,Eating Out
Lidl,Groceries
UBS,Eating Out
UBS,Eating Out
UBS,Eating Out
Heytea,Eating Out
UBS,Eating Out
Garbanzos,Eating Out
Lidl,Groceries
Eat Tokyo,Eating Out
Asian Mart,Groceries
Tsujiri,Eating Out
Oyster Topup,Transportation
Rent,Bills
Gails Breakfast,Eating Out
TKMaxx Shampoo & skincare,Grooming
Snoopy Meds,Dogs
Donation,Gifts
Burger & Beyomd,Eating Out
Garbanzos,Eating Out
UBS,Eating Out
UBS,Eating Out
M&S,Groceries
UBS,Eating Out
Dishoom w Laasya & Yx,Eating Out
Gails Lunch,Eating Out
Easyjet to Amsterdam,Travel
amsterdam hotel,Travel
Dogsit when Japan,Travel
Oyster Topup,Transportation
Noodle n Beer,Entertainment / Social
Voxi,Bills
Tsujiri,Entertainment / Social
Lidl,Groceries
Pillow Ikea,Shopping
Ikea Meatballs,Entertainment / Social
Ikea sausage n ice cream ,Entertainment / Social
ikea lunch,Entertainment / Social
Oyster Topup,Transportation
Yonder Annual Membership,Bills
Haircut,Grooming
Lidl,Groceries
Golden Gate,Entertainment / Social
UBS Breakfast,Entertainment / Social
Waggel Dog Insurance,Dogs
UBS Breakfast,Entertainment / Social
Tsujiri,Entertainment / Social
Eat Tokyo,Entertainment / Social
Lunch UBS,Entertainment / Social
UBS Breakfast,Entertainment / Social
Heating SSE,Bills
UBS Breakfast,Entertainment / Social
UBS Fish n Chips,Entertainment / Social
Tkmaxx,Dogs
Lidl,Groceries
Robin Birthday Treat,Entertainment / Social
Oyster Topup,Transportation
UBS Breakfast,Eating Out
UBS M&M,Eating Out
Lidl,Groceries
UBS Breakfast,Eating Out
UBS M&M,Eating Out
UBS M&M,Eating Out
Drinks w Krishna,Eating Out
Lunch UBS,Eating Out
UBS Breakfast,Eating Out
Viet Baguette,Eating Out
Icloud,Bills
UBS M&M,Eating Out
Lunch UBS,Eating Out
UBS Breakfast,Eating Out
Tesco,Groceries
Oyster Topup,Transportation
Lidl,Groceries
Tesco,Groceries
MNS,Groceries
UBS Brekfast,Eating Out
lunch ubs,Eating Out
Badminton,Entertainment / Social
lunch ubs,Eating Out
lunch ubs,Eating Out
UBS Breafast,Eating Out
Lusa w Nicole,Entertainment / Social
lunch ubs,Eating Out
Oyster Topup,Transportation
lunch ubs,Eating Out
yiban,Entertainment / Social
Banh mi,Entertainment / Social
mns,Entertainment / Social
Tian Tian,Groceries
Lidl,Groceries
UBS Breakfast,Eating Out
Noodles Lunch w Zarek,Entertainment / Social
MnM ubs,Eating Out
UBS Breakfast,Eating Out
lunch ubs,Eating Out
Donation Homeless,Gifts
Eat Tokyo,Entertainment / Social
UBS Breakfast,Eating Out
MnM ubs,Eating Out
Rent,Bills
Thames Water,Bills
Oyster Topup,Transportation
Lidl,Groceries
Octopus Energy,Bills
Lidl,Groceries
yipan,Entertainment / Social
Tesco,Groceries
Lidl,Groceries
Oyster Topup,Transportation
MnS,Groceries
Lidl,Groceries
Salt Pizza Lunch w Nicole,Entertainment / Social
Banh mi / Pho,Eating Out
Legal fees house,Shopping
Tesco Groceries,Groceries
dog insurnace,Eating Out
Burrito bowl,Eating Out
pooch n mutt,Dogs
mns,Groceries
fishnchips,Eating Out
avanzar surveyors,Shopping
Wifi,Bills
MnS,Groceries
MnS,Groceries
voxi,Bills
doner,Eating Out
woolwich fish mkt,Groceries
katsu office,Eating Out / Social
mns,Groceries
mns,Groceries
Noodle n Beer,Eating Out / Social
New Walking Shoes,Shopping
katsu office,Eating Out / Social
mns,Groceries
Voxi,Bills
Biang Biang Noodles,Eating Out / Social
Train Amsterdam,Travel
Linguini ,Eating Out / Social
Bulldog Drinks,Eating Out / Social
Red Light Bar Drinks,Eating Out / Social
Uber Amsterdam,Travel
iCloud,Bills
Omelegg Amsterdam,Eating Out / Social
Fries Amsterdam,Eating Out / Social
WowCrab Amsterdam,Eating Out / Social
Amsterdam Supermkt,Groceries
Water Amsterdam,Groceries
Cafe Amsterdam,Eating Out / Social
Bus Amsterdam,Travel
Thames Water,Bills
Elec ,Bills
Lidl,Groceries
Tesco,Groceries
Oyster,Transportation
Dial Arch,Eating Out / Social
Eat Tokyo w Aloy,Eating Out / Social
Lidl,Groceries
mns,Groceries
Eat Tokyo,Eating Out / Social
ubs breakfast,Eating Out / Social
ubs breakfast,Eating Out / Social
ubs,Eating Out / Social
Tesco,Groceries
Oyster,Transportation
Lidl,Groceries
Tea from tkmax,Groceries
lidl bread,Groceries
DisneySea,Travel
yoga,Social Activities
mns cake,Gifts
atm,Eating Out / Social
atm,Eating Out / Social
c2c cable,Shopping
Puzzle Amsterdam,Shopping
Dog Food,Dogs
Hotel tax Amsterdam,Travel
Tesco,Groceries
Lidl,Groceries
Lidl,Groceries
Rent,Bills
Hoshi,Eating Out / Social
Popeyes,Eating Out / Social
Lidl,Groceries
M&Ms,Eating Out / Social
Three Uncles,Eating Out / Social
Donation,Gifts
Yeye Noodles,Eating Out / Social
Tsujiri,Eating Out / Social
TKMaxx - poop bag,Dogs
Lidl,Groceries
mns,Groceries
Oyster,Transportation
ubs breakfasrt,Eating Out / Social
mints ubs,Eating Out / Social
Voxi,Bills
UBS breakfast,Eating Out / Social
ubs mnm,Eating Out / Social
Badminton,Social Activities
Lidl,Groceries
Hail Mary Odeon,Social Activities
Greek box ,Eating Out / Social
phad thai,Eating Out / Social
popcorn mns,Social Activities
Waggel,Dogs
UBS Breakfast,Eating Out / Social
Donation Church,Gifts
UNiqlo,Shopping
Lunch w Janelle,Eating Out / Social
LSE Fried Rice,Eating Out / Social
TKMaxx,Shopping
Lidl,Groceries
Oyster Topup,Transportation
ubs mnm,Eating Out / Social
mns,Groceries
roti king,Eating Out / Social
pints w Jan,Eating Out / Social
ubs breakfast,Eating Out / Social
mns,Groceries
lidl,Groceries
mns,Groceries
badminton,Social Activities
Lidl,Groceries
mns,Groceries
Dog Park w Nicole,Social Activities
Tesco,Groceries
mns,Groceries
Donation Church,Gifts
Plaza Khao Gaeng w Nicole Treat Robin,Eating Out / Social
tjx,Shopping
Oyster topup,Transportation
Lidl,Groceries
Thames Water,Bills
Council,Bills
icloud,Bills
Thames Water,Bills
Elec ,Bills
Whittard for gifts,Gifts
boots,Grooming
mns,Groceries
ubs breakfast,Eating Out / Social
UBS,Eating Out / Social
Yeye Noodle,Eating Out / Social
Oyster topup,Transportation
Tesco,Groceries
ubs breakfast,Eating Out / Social
mns,Groceries
Tesco,Groceries
Foxtons,Bills
Esim singapore,Travel
NTUC Singapore,Groceries
Singapore public transport,Travel
Birds of paradise singapore,Eating Out / Social
Singapore transport,Travel
Maya mobile japan esim,Travel
japan combini,Eating Out / Social
suica,Travel
train ticket japan,Travel
Ichiran,Eating Out / Social
japan combini,Eating Out / Social
japan combini,Eating Out / Social
japan combini,Eating Out / Social
suica,Travel
food,Eating Out / Social
Locker,Eating Out / Social
Lawson,Eating Out / Social
yakiniku,Eating Out / Social
Daiso,Shopping
7-11,Eating Out / Social
Suica,Travel
Montbell,Shopping
japan combini,Eating Out / Social
japan combini,Eating Out / Social
Daily Yamazaki,Eating Out / Social
lawson,Eating Out / Social
suica,Travel
food shinkansen,Eating Out / Social
Shinkansen,Travel
food arashimaya,Eating Out / Social
arashimaya bread,Eating Out / Social
7-11,Eating Out / Social
tokyo disney sea,Eating Out / Social
Suica,Travel
suica,Travel
japan combinii,Eating Out / Social
Lawson,Eating Out / Social
unatoto tokyo,Eating Out / Social
Daiso,Shopping
Bento Tokyo,Eating Out / Social
Montbell Tokyo,Shopping
Singapore Transport,Travel
Expensive dessert,Eating Out / Social
Uniqlo,Shopping
Eating at arata recc,Eating Out / Social
Groceries Jpn,Groceries
Suica,Travel
Voxi,Bills
Uniqlo,Shopping
Donki,Shopping
Suica,Travel
Suica,Travel
Suica,Travel
Roku Gin,Shopping
Heavenly Wang,Eating Out / Social
Waggel,Dogs
iceland eggs,Groceries
Lidl,Groceries
UBS,Eating Out / Social
UBS,Eating Out / Social
M&S,Eating Out / Social
Lidl,Groceries
Oyster Topup,Transportation
MnS,Groceries
Virgin,Bills
SSE Heating,Bills
Dishoom,Shopping
Noodle n Beer,Eating Out / Social
UBS,Eating Out / Social
UBS,Eating Out
badminton,Social
UBS,Eating Out
Tesco,Groceries
Lidl,Groceries
Beer,Eating Out
Cafe w Nicole n Nicholas,Eating Out
mns,Groceries
Donation to homeless church,Gifts
MnS,Groceries
Vue Cinema,Social
Oseyo,Groceries
mns,Groceries
oseyo,Groceries
Council Tax,Bills
UBS Breakfast,Eating Out
UBS,Eating Out
UBS Breakfast,Eating Out
iCloud,Bills
Katsu Lunch,Eating Out
Kebab,Eating Out
UBS Breakfast,Eating Out
Three uncles,Eating Out
Oyster Topup,Transportation
UBS Breakfast,Eating Out
Office Katsu Market,Eating Out
C&R,Eating Out
Tsujiri,Eating Out
Dog Bowl,Dogs
TKMaxx dog shampoo,Dogs
Lidl,Groceries
Lidl,Groceries
Thames Water,Bills
Octopus Energy,Bills
UBS Breakfast,Eating Out
Tesco,Groceries
Viet Baguette,Eating Out
UBS Breakfast,Eating Out
UBS,Eating Out
wingstop,Eating Out
rent,Bills
Heard Burger w Jeremy,Eating Out
Chili Noodles w Nicole Jinshi near our place,Eating Out
UBS Breakfast,Eating Out
Haircut,Grooming
UBS Breakfast,Eating Out
Golden Gate buns,Eating Out
UBS Breakfast,Eating Out
Mints,Eating Out
Mr Foggs JZ leaving Drinks,Eating Out
Three Uncles,Eating Out
UBS Breakfast,Eating Out
UBS,Eating Out
MnS,Groceries
Tesco,Groceries
Cake for Vanessa,Groceries
Ice Cream,Eating Out
Tesco,Groceries
Wingstop,Eating Out
Lidl,Groceries
Asian Mart,Groceries
Oyster Topup,Transportation
Tesco,Groceries
Groceries,Groceries
Lidl,Groceries
Voxi,Bills
Dad Bag,Gifts
Tian Tian,Groceries
Lidl,Groceries
Boots skincare,Grooming
Five Guys,Eating Out
mns,Groceries
waggel,Dogs
mints ubs,Eating Out
Drinks,Eating Out
UBS Snack,Eating Out
UBS breakfast,Eating Out
UBS Market food,Eating Out
UBS breakfast,Eating Out
roti king,Eating Out
UBer boat,Transportation
Lidl,Groceries
Oyster,Transportation
Climbing gym,Social
Yi Ban,Social
mns,Groceries
Council tax,Bills
Virgin,Bills
Noodle n Beer,Eating Out
UBS Breakfast,Eating Out
Waggel,Dogs
UBS  mints,Eating Out
UBS food market,Eating Out
UBS Breakfast,Eating Out
fish n chips office,Eating Out
Icloud,Bills
Mns,Groceries
Tesco,Groceries
Tkmaxx,Shopping
Lidl,Groceries
Oyster,Transportation
UBS Breakfast,Eating Out
Lidl,Groceries
UBS Breakfast,Eating Out
Coffee w Eva,Eating Out
MnS,Groceries
Tesco,Groceries
UBS Breakfast,Eating Out
Hoshi,Eating Out
mints office,Eating Out
Mns,Groceries
Mns,Groceries
Mcd,Eating Out
Dogs food,Dogs
Ong Lai kopitiam,Eating Out
Tesco,Groceries
khao Gaeng,Eating Out
Lidl,Groceries
mns,Groceries
UBS Breakfast,Eating Out
Wrap,Eating Out
tesco,Eating Out
UBS Breakfast,Eating Out
ubs food,Eating Out
ubs food,Eating Out
Mcd,Eating Out
Thames Water,Bills
Elec,Bills
Oyster,Transportation
Mns,Groceries
Rent,Bills
Gulmi ,Eating Out
Dexters holding deposit,Bills
Donation Church,Gifts
cnr,Eating Out
Gulmi ,Eating Out
mints,Eating Out
Voxi,Bills
UBS breakfast,Eating Out
Tesco,Groceries
noodles with yx & laasya,Eating Out
mns,Groceries
Oyster,Bills
Tesco,Groceries
Lidl,Groceries
Wifi,Bills
yi ban,Eating Out
mns,Groceries
Tesco,Groceries
UBS Breakfast,Eating Out
mints,Eating Out
ubs lunch,Eating Out
Deworm meds,Dogs
Charlie Bed,Dogs
Lidl,Groceries
CeX - dell monitor (Nicole Paid Half),Shopping
Royal kebab,Eating Out
"New setup - standing desk, monitor stand etc",Shopping
Breakfast UBS,Eating Out
Wasabi,Eating Out
Momo treat aleks,Eating Out
Council,Bills
Water,Bills
Octopus elec,Bills
Tesco Grocerie,Groceries
Tesco Toilet Paper,Toiletries
Lidl Groceries,Groceries
Apple Subscription,Bills
Heinz Tomato Sauce,Groceries
Mercato w ed,Eating Out
Breakfast @ Work,Eating Out
Lidl,Groceries
Tube topup ,Transportation
Topup easysaver card,Groceries
Breakfast @ work,Eating Out
Tian Tian Market,Groceries
Tesco Groceries,Groceries
Popeyes Chicken Amex,Eating Out
Topup easy saver acc,Groceries
Topup Tesco gift card,Groceries
Breakfast @ work,Eating Out
Rent,Bills
Topup easysaver card,Groceries
Thames Water,Bills
Breakfast @ work,Eating Out
Octopus Energy,Bills
"Brucetta & Cake w Nicole, Italian Restaurant near tesco",Eating Out
Breakfast @ work,Eating Out
M&S Cereal,Groceries
Food w Chris & Thomas,Eating Out
Oyster Topup,Transportation
Wingstop,Eating Out
Lidl,Groceries
CD Tesco,Toiletries
Lidl - Baking,Groceries
Snoopy Insurance,Dogs
Snacks for myself to destress,Groceries
Tian Tian Market,Groceries
Coffee w Meng Kiang Seah,Entertainment / Social
Top-up M&S Giftcard,Groceries
Breakfast @ work,Eating Out
Yonder Yearly Membership,Bills
Cos Pants,Shopping
Asian Mart Chinatown,Groceries
Meet Fresh,Eating Out
Lidl Groceries,Groceries
Tube topup ,Transportation
Voxi ,Bills
Udemy - Java,Learning
Wasabi Onigiri,Eating Out
Asahi w Bradley,Eating Out
Old Chang Kee - Robin & Friends,Eating Out
Wingstop - Robin & Friends,Eating Out
Uber Home,Transportation
Lidl - Groceries,Groceries
TooGoodToGo,Eating Out
Plaza Khao Gaeng w Janelle,Eating Out
SSE Heating,Bills
Lidl - Groceries,Groceries
Market Lunch,Eating Out
Eat Tokyo - Celeb Quant Offer,Eating Out
Apple Cloud,Bills
Oyster Topup,Transportation
TooGoodToGo,Eating Out
Topup easysaver card,Groceries
Lidl - Groceries,Groceries
Eat Tokyo w Din,Eating Out
Topup easysaver card,Groceries
Topup easysaver card,Groceries
Topup easysaver card,Groceries
Topup Tesco Giftcard,Groceries
Oyster Topup,Transportation
Plaza Khao Gaeng w Nicole,Eating Out
Topup Tesco Giftcard,Groceries
Thames Water,Bills
Octopus Energy,Bills
photobooth,Entertainment / Social
Topup Tesco Giftcard,Groceries
Barrafina w Nicole,Eating Out
Breakfast @ work,Eating Out
Deliveroo - Popeyes,Eating Out
Waggel Insurance,Dogs
Rent,Bills
Breakfast @ work,Eating Out
Lidl - Groceries,Groceries
golf,Entertainment / Social
fried chicken ,Entertainment / Social
kebab w rice,Entertainment / Social
Topup easysaver card,Groceries
Topup easysaver card,Groceries
Virgin Wifi,Bills
Flight to indonesia ,Travel
Lidl,Groceries
Fries @ golf,Entertainment / Social
wagamama w robin n nicole,Entertainment / Social
Flight Ldn - Vienna,Travel
Flight Budapest - Ldn,Travel
Office Breakfast,Eating Out
Tube topup ,Transportation
Papa Johns,Eating Out
Voxi,Bills
Lidl,Groceries
Snoopy Treats,Dogs
TooGoodToGo,Eating Out
C&R ,Eating Out
Budapest & Vienna Airbnb,Travel
Lidl,Groceries
Churches Shoes,Shopping
Naroon w Caitlin,Entertainment / Social
Lidl,Groceries
Eat Tokyo,Eating Out
Donation to Singer w no hand,Learning
Papa Johns Pizza,Eating Out
Apple Cloud,Bills
Golden Gates Buns,Eating Out
M&S Grapes,Groceries
Breakfast @ work,Eating Out
Oyster Topup,Transportation
Haircut,Toiletries
M&S,Groceries
Snoopy Treats,Dogs
Lidl,Groceries
Ippudo,Entertainment / Social
Uniqlo Socks,Shopping
Market Halls Teh Tarik,Entertainment / Social
Market Halls Pad Thai,Entertainment / Social
Market Halls Indian Food,Entertainment / Social
Groceries Tesco,Groceries
Badminton,Learning
Eat Tokyo,Eating Out
Wasabi,Entertainment / Social
Oyster Topup,Transportation
Lidl,Groceries
M&S,Groceries
Thames Water,Bills
Electricity,Bills
Golden Gate Buns,Eating Out
C&R Dinner,Eating Out
Lidl,Groceries
Makan w SG @ UBS,Entertainment / Social
Lidl,Groceries
Breakfast @ work,Eating Out
Wasabi,Entertainment / Social
Five Guys Milkshake,Entertainment / Social
Rent,Bills
Lidl Groceries,Groceries
Oyster Topup,Transportation
Snoopy Insurance,Dogs
Drinks w UBS,Entertainment / Social
Mexican Lunch Market,Eating Out
Printing for Nicole,Learning
Papa Johns Pizza,Eating Out
Groceries Lidl,Groceries
Groceries Lidl,Groceries
Snoopy Treats & Wok,Dogs
Donation to Church,Gifts
Kangnam Pocha,Entertainment / Social
Palworld Game,Shopping
Anti Histamine,Groceries
M&S Snacks,Groceries
Lidl Groceries,Groceries
Five Guys Milkshake,Entertainment / Social
Breakfast @ work,Eating Out
Wifi,Bills
Breakfast @ work,Eating Out
Snoopy Vet Bills for falling down,Dogs
Oyster Topup,Transportation
Chendol,Entertainment / Social
M&S,Groceries
Ice Cream,Eating Out
Kangnam Pocha,Entertainment / Social
Lidl,Groceries
Golf,Learning
Voxi,Bills
Topup Easy Saver,Groceries
Lidl,Groceries
Breakfast @ work,Eating Out
Papa Johns,Eating Out
Tesco,Groceries
Eat Tokyo,Eating Out
Breakfast @ work,Eating Out
Council Tax,Bills
Park Ice Cream,Eating Out
C&R takeaway,Eating Out
Golden Gate Bread,Eating Out
Tesco,Groceries
Oyster Topup,Transportation
Icloud Subscription,Bills
Hoka Running Shoes,Shopping
Asian Mart,Groceries
Lidl,Groceries
Lidl,Groceries
Laksamania,Entertainment / Social
Breakfast @ work,Eating Out
Yum Bowl - Office Lunch,Eating Out
Breakfast @ work,Eating Out
Salomon Shoes,Shopping
Royal Kebab Dinner w Nicole,Eating Out
Tkmaxx,Shopping
Uniqlo,Shopping
Ramen w Nicole & Nich friends,Entertainment / Social
Sport Direct,Shopping
Arcade Halls w Nicole,Entertainment / Social
Lidl,Groceries
Thames Water,Bills
Electricity,Bills
Oyster Topup,Transportation
Rent,Bills
Flight to Canada Calgary,Travel
Canada E-Visa,Travel
Canada Airbnb,Travel
Canada Airbnb,Travel
Train to Budapest,Travel
Topup M&S Card,Groceries
Canda Car Rental,Travel
Lidl,Groceries
Burger King,Eating Out
Train to Stansted,Travel
Train to Vienna City Centre,Travel
Voxi,Bills
Mcd Vienna,Eating Out
First Day Dinner @ Vienna,Entertainment / Social
Snoopy Insurance,Dogs
Mcd Vienna,Eating Out
Vienna Tube,Transportation
Italian Restaurant Michelin Star Vienna,Entertainment / Social
Vienna Tube,Transportation
Noodle King Vienna,Eating Out
Mcd Vienna,Eating Out
Vienna Tube,Transportation
Vienna Tube,Transportation
Cafe Schwarzenberg - Vienna Coffee,Entertainment / Social
Noodle King Vienna,Eating Out
Vienna Tube,Transportation
Vienna Dinner,Eating Out
Vienna Tube,Transportation
Budapest Tube,Transportation
TG Osteria - Budapest Lunch,Eating Out
Strudel House,Eating Out
Pho Budapest,Eating Out
SG60 Drinks evening,Entertainment / Social
Hungarian Food,Eating Out
Strudel House,Eating Out
Greek Gyros,Eating Out
Greek Gyros,Eating Out
Pho Lunch,Eating Out
Konyha - Hungarian Food,Entertainment / Social
Vaj - Croissant Breakfast Budapest,Entertainment / Social
Greek Gyros,Eating Out
Deliveroo - Popeyes,Eating Out
Tesco Groceries,Groceries
Tian Tian,Groceries
Topup Tesco Giftcard,Groceries
Voxi,Bills
Heating,Bills
Wifi,Bills
Ice Cream Tesco,Groceries
Mints UBS,Toiletries
Council Tax,Bills
Tesco,Groceries
Drinks w Tim,Entertainment / Social
Snoopy Treats,Dogs
Snoopy Treats,Dogs
Shoryu Ramen w Tim,Eating Out
Golden Gate Cake Shop,Entertainment / Social
Oyster Topup,Transportation
Drinks w Tim,Entertainment / Social
Tesco,Entertainment / Social
Tian Tian,Groceries
Market Halls w Tim,Entertainment / Social
Yum Tea Cake for Snoopy Bday,Entertainment / Social
Pizza Deliveroo,Entertainment / Social
Lidl Groceries,Groceries
Icloud Subscription,Bills
Haircut Alice,Toiletries
C&R,Eating Out
Lidl Groceries,Groceries
Eat Tokyo,Eating Out
UBS Breakfast,Eating Out
Tesco,Groceries
Leon @ Heathrow,Eating Out
Canmore Shawarma,Eating Out
Beer,Entertainment / Social
ricola,Groceries
Oyster Topup,Transportation
Tim Hortons,Eating Out
Safeway,Groceries
Safeway,Groceries
Park Entrance fee,Travel
Alberta wing shack,Entertainment / Social
Tim Hortons,Eating Out
Safeway,Groceries
Shorts for hot spring,Shopping
Sticker Jonston Canyon,Shopping
Safeway,Groceries
Banff Hot Spring,Entertainment / Social
Hankki Korean food,Eating Out
Hankki Korean food,Entertainment / Social
SkiBig3 Kayak Rental,Entertainment / Social
Gas,Transportation
Elk Dinner,Eating Out
Banff Entrance Fee,Entertainment / Social
Safeway and hankki food and bingsu,Eating Out
Banff Mcd,Eating Out
Bear Spray Rental,Entertainment / Social
Gas,Transportation
Safeway,Groceries
A&W Canada Airport,Eating Out
Cds Tesco,Groceries
Lidl Groceries,Groceries
Snoopy Treats,Dogs
Water,Bills
Octopus Electricity,Bills
Chicken Donner w Rice,Eating Out
Rent,Bills
Tesco Topup,Groceries
Lidl Groceries,Groceries
M&S,Groceries
Snoopy Insurance,Dogs
Udemy JS Course,Learning
Heytea,Eating Out
UBS Breakfast,Eating Out
Mints,Eating Out
Chicken Donner w Rice,Eating Out
Yum Bowl,Eating Out
Tesco Groceries,Groceries
Fish & Chips,Eating Out
UBS Junior Talent Event,Entertainment / Social
Oyster Topup,Transportation
Shiro Sushi Treat,Entertainment / Social
TKMaxx Vinny Treats,Dogs
Pint w Deeya Henry etc,Entertainment / Social
Lunch w Deeya,Entertainment / Social
Pooch & Mutt Snoopy Food,Dogs
M&S,Groceries
M&S,Groceries
Lidl Groceries,Groceries
Deliveroo,Eating Out
UBS Breakfast,Groceries
Voxi,Bills
Royal Kebab,Eating Out
M&S,Groceries
UBS Breakfast,Groceries
Pint after SG event,Entertainment / Social
Mcd,Eating Out
M&S,Groceries
Tesco Topup,Groceries
Oyster Card,Transportation
Uber to get Charlie,Transportation
Uber to get Charlie,Transportation
Charlie,Dogs
Church for Homeless Food,Gifts
Tesco,Groceries
Charlie's Insurance,Dogs
Tesco,Groceries
M&S Pastries,Eating Out
Pint w UBS Grads,Entertainment / Social
Kangnam Pocha,Eating Out
Council Tax,Bills
Papa John,Eating Out
UBS Breakfast,Eating Out
Oyster,Transportation
Apple Icloud,Bills
Topup Tesco,Groceries
Chicken Doner w Rice,Eating Out
Eurostar,Travel
Brussels Hotel,Travel
Primark Charlie's Blanket,Dogs
Indo Concert Food,Entertainment / Social
McD Wrap,Eating Out
M&S Yogurt,Groceries
Lidl,Groceries
M&S,Groceries
UBS Breakfast,Eating Out
Three Uncles Lunch W Michael,Entertainment / Social
Honest Burgers w Nicole,Eating Out
Charlie's Bowl,Dogs
M&S,Groceries
Lidl,Groceries
Ikea Cabinet ,Shopping
Oyster Topup,Transportation
John Lewis Table Lamps,Shopping
Thames Water,Bills
Octopus Electricity,Bills
M&S,Groceries
Lidl,Groceries
Tesco,Groceries
Lidl,Groceries
Charlie's Vaccination,Dogs
Deliveroo Sam's Chicken,Eating Out
Pint w UBS Charles,Entertainment / Social
UBS Breakfast,Eating Out
Chicken Doner w Rice,Eating Out
Rent,Bills
UBS Breakfast,Eating Out
Lidl,Groceries
Tian Tian Japchae,Groceries
New Pillow John Lewis,Shopping
Train to Milan,Travel
Train to Rome,Travel
Flight Ldn - Milan,Travel
Flight Rome - Ldn,Travel
Airbnb Milan & Venice,Travel
Airbnb Rome,Travel
TkMaxx Pink Moss Shirt,Shopping
Japchae Noodles,Groceries
UBS Breakfast,Eating Out
Uber Ikea,Transportation
Ikea Food,Eating Out
UBS Mints,Eating Out
Lidl,Groceries
Oyster Topup,Transportation
Haircut,Toiletries
Wifi,Bills
Snoopy Insurance,Dogs
Golden Gate Buns,Eating Out
Chipotle dinner w nicole,Entertainment / Social
UBS Breakfast,Eating Out
Tesco,Groceries
Tesco Beer for Arthur's Birthday,Entertainment / Social
Flat Iron w Nafisa & Desiree,Entertainment / Social
Voxi,Bills
M&S,Groceries
Lidl,Groceries
Tesco,Groceries
UBS bfast,Eating Out
M&S,Groceries
UBS bfast,Eating Out
Council Tax,Bills
Gymshark Clothing,Shopping
Oyster Topup,Transportation
Tesco,Groceries
COS Grey Pants,Shopping
Bao,Eating Out
Photo with Nicole & dogs,Entertainment / Social
iCloud subscription,Bills
UBS bfast,Eating Out
Tesco,Groceries
T4 BBT,Entertainment / Social
M&S,Groceries
UBS bfast,Eating Out
Voxi Travel data,Travel
tube belgium,Transportation
DONKI Belgium,Eating Out
Oyster Topup,Transportation
Flixbus,Travel
Diptyque Perfume,Shopping
COS Grey Sweater,Shopping
tube belgium,Transportation
Belgium Waffles,Eating Out
Train to Antwerp,Travel
Dinner in Brugges,Eating Out
tube belgium,Transportation
Stella Breakfast w Nicole in Belgium,Eating Out
Belgium DONKI w Nicole,Eating Out
tube belgium,Transportation
Locker,Travel
Toilet,Travel
Drinks w Nicole Antwerp,Entertainment / Social
Toilet,Travel
Food while waiting for train back to UK,Eating Out
Chocolate @ Eurostar,Eating Out
Water at Eurostar,Eating Out
Thames Water,Bills
Lidl,Groceries
Octopus,Bills
Tesco,Groceries
HeyTea,Eating Out
UBS bfast,Eating Out
Rent,Bills
Charlie Food,Dogs
Tesco,Groceries
M&S,Groceries
Phad Thai,Eating Out
Tesco,Groceries
Tesco,Groceries
M&S,Groceries
Eat Tokyo,Entertainment / Social
Train to Stansted,Transportation
Voxi Travel data,Travel
Train to Milan Central,Travel
First Day Dinner @ Milan,Eating Out
Tube Milan,Travel
Tube Milan,Travel
McD bfast Milan,Eating Out
Train Ticket 24hrs Milan,Travel
Ribot Dinner,Eating Out
water Milan,Eating Out
Milan Sandwiches,Eating Out
water Milan,Eating Out
Singapore Birthday Dinner London,Entertainment / Social
Train to Lake Como,Travel
Milan Tube,Travel
Train to Lake Como,Travel
Ferry Ticket Lake Como,Travel
Lunch Lake Como,Eating Out
Milan Sandwiches,Eating Out
Tube,Travel
Train to mainland Venice,Travel
Paul Breakfast Italy,Eating Out
Train to mainland Venice,Travel
D1 Lunch Venice,Eating Out
United Colours of benetton linen shorts,Shopping
Slippers Italy,Shopping
Ice Cream Venice,Entertainment / Social
Chocolate for Mich & ixi Venice,Entertainment / Social
Dinner Venice,Eating Out
Train to mainland Venice,Travel
Train to mainland Venice,Travel
Ferry Pass Venice,Travel
Lunch Venice,Eating Out
Dinner Venice,Eating Out
McD bfast Venice,Eating Out
Water Venice,Eating Out
Insect bite cream Rome,Travel
Uniqlo Italy,Shopping
Rome Tube,Travel
D1 Rome Lunch,Travel
Vatican Musei Entry fee,Travel
Vatican Crucifixes,Shopping
Dinner Rome ,Eating Out
Ice Cream after Dinner Rome,Eating Out
Lunch Rome,Eating Out
Tube Rome,Travel
Dinner Rome,Eating Out
Rome Tube,Travel
Lunch Rome,Eating Out
Jolibee Rome,Eating Out
Pizza Rome,Eating Out
McD Breakfast,Eating Out
Rome Tube,Travel
Lunch Rome last day,Eating Out
Waggel Dog Insurance,Dogs
Train from stansted,Travel
Voxi,Bills
Vet Snoopy Vaccinatiion,Dogs
McD Breakfast,Eating Out
Lidl,Groceries
Nicole's Bday Cake,Entertainment / Social
Nicole's Bday Flowers,Entertainment / Social
Heating,Bills
Wifi,Bills
Heytea,Eating Out
Breakfast UBS,Eating Out
"Lunch w Joreen, willie etc",Eating Out
Oyster Topup,Transportation
Wasabi,Eating Out
Council Tax,Bills
Janelle Wedding Gift,Entertainment / Social
Homi Kitchen Chili Sauce,Groceries
Raffle tickets,Entertainment / Social
Tesco ,Groceries
Asian Mart,Groceries
Asian Bread Breakfast,Eating Out
UBS Breakfast,Eating Out
Haircut,Grooming
Oyster Topup,Transportation
ICloud Subscription,Bills
Dinner with Jan,Entertainment / Social
Pint with Jan,Entertainment / Social
UBS Breakfast,Eating Out
Eat Tokyo Dinner w Tim,Entertainment / Social
UBS Breakfast,Eating Out
Lidl groceries,Groceries
M&S Fruits,Groceries
Water,Bills
Electricity,Bills
M&S Pastries,Groceries
Tesco,Groceries
Lidl groceries,Groceries
UBS Breakfast,Eating Out
Tesco,Groceries
UBS Breakfast,Eating Out
Biang Biang Noodles,Eating Out
Drinks w Keefe & Cody,Eating Out
UBS Breakfast,Eating Out
Oyster Topup,Transportation
Tesco,Groceries
Lidl groceries,Groceries
Fish & chips,Eating Out
Three Uncles,Eating Out
UBS Breakfast,Eating Out
Tesco Groceries,Groceries
M&S,Groceries
Lidl,Groceries
TKMaxx Dog stuff,Dogs
UBS Breakfast,Eating Out
Rent,Bills
Tesco,Groceries
M&S,Groceries
Deliveroo Three Uncles,Eating Out
Pad Thai,Entertainment / Social
UBS Breakfast,Eating Out
Wasabi,Eating Out
M&S,Groceries
M&S,Groceries
UBS Breakfast,Eating Out
"Triple Birthday with Deeya, Leia",Entertainment / Social
Oyster Topup,Transportation
Unqilo Joggers,Shopping
Lidl,Groceries
Fish & Chips Margate,Entertainment / Social
Dinner Margate ,Entertainment / Social
Train to Margate,Travel
Water Aldi,Groceries
Rimworld,Shopping
Tesco,Groceries
Lidl,Groceries
UBS Breakfast,Eating Out
Voxi,Bills
Dog Insurance,Dogs
Three Uncles,Entertainment / Social
Wasabi,Eating Out
Tesco,Groceries
M&S,Groceries
UBS Lunch,Eating Out
UBS Breakfast,Eating Out
Dog Treats,Dogs
Paella,Eating Out
Tesco,Groceries
Oyster Topup,Transportation
Wifi,Bills
Tesco,Groceries
Drinks with Chee Seng,Entertainment / Social
seaweed,Groceries
chocolate twist,Groceries
Nail Clipper,Grooming
UBS Breakfast,Eating Out
Padella with Chee Seng,Eating Out
Lidl,Groceries
UBS Breakfast,Eating Out
Plaza Khao Gaeng with Nicole,Eating Out
Council Tax,Bills
M&S Groceries,Groceries
Fish & Chips,Eating Out
Totoro Ticket,Entertainment / Social
Icloud,Bills
flowers for rachel,Entertainment / Social
Ice Cream totoro,Eating Out
kangnam pocha,Eating Out
Oyster Topup,Transportation
M&S Groceries,Groceries
Coffee,Entertainment / Social
UBS Breakfast,Eating Out
Lidl,Groceries
Tesco,Groceries
Lidl,Groceries
M&S Groceries,Groceries
UBS Breakfast,Eating Out
UBS M&Ms,Eating Out
UBS M&Ms,Eating Out
UBS Breakfast,Eating Out
TK Maxx,Shopping
Rimworld DLC,Shopping
Charlie Blanket,Dogs
Papa John,Entertainment / Social
M&S Groceries,Groceries
Tesco,Groceries
UBS Breakfast,Eating Out
Uniqlo Joggers,Shopping
Thames Water,Bills
Octopus Electricity,Bills
Wasabi ,Eating Out
UBS Breakfast,Eating Out
Rent,Bills
C&R w Nicole,Eating Out
Demon Slayer Movie,Entertainment / Social
Oyster Topup,Transportation
Flight to Singapore,Travel
M&S Groceries,Groceries
Flight to Japan,Travel
UBS Breakfast,Eating Out
Church Donation,Gifts
Taro London Jap food,Eating Out
Tian Tian Groceries,Groceries
Tesco,Groceries
Market halls thai food w nicole,Eating Out
Lidl Groceries,Groceries
Tesco Groceries,Groceries
Lidl Groceries,Groceries
UBS Breakfast,Eating Out
UBS Breakfast,Eating Out
UBS M&Ms,Eating Out
UBS M&Ms,Eating Out
HeyTea,Eating Out
Wasabi ,Entertainment / Social
UBS M&Ms,Eating Out
UBS M&Ms,Eating Out
UBS Breakfast,Eating Out
Voxi,Bills
Oyster Topup,Transportation
Tesco,Groceries
Papa Johns Deliveroo,Entertainment / Social
Waggel Insurance,Dogs
Dozo w Nicole,Entertainment / Social
Hinaga w Nicole,Entertainment / Social
Salomons for Nicole Bday,Shopping
Tesco Groceries,Groceries
M&Ms UBS,Eating Out
Golden Gate,Entertainment / Social
UBS Breakfast,Eating Out
Tesco,Groceries
Volunteering Lunch,Eating Out
Oyster Topup,Transportation
UBS M&M,Groceries
UBS M&M,Groceries
M&S,Groceries
UBS Breakfast,Eating Out
Jenki Spitafields,Entertainment / Social
Lidl Groceries,Groceries
Gails,Entertainment / Social
Dog stuff / New Bowl,Shopping
Wifi,Bills
Council Tax,Bills
Electricity,Bills
Tesco,Groceries
Airbnb Japan 2026 Kyoto Osaka,Travel
Airbnb Japan 2026 Kyoto Osaka,Travel
Donation to homeless at church,Gifts
Noodle and Beer,Entertainment / Social
Cafe Breakfast w Nicole,Entertainment / Social
Tesco,Groceries
Brentford game pint,Entertainment / Social
Brentford game,Entertainment / Social
Dozo london with Keane,Entertainment / Social
UBS Breakfast,Eating Out
UBS Chocolate,Eating Out
UBS Chocolate,Eating Out
iCloud,Bills
UBS Breakfast,Eating Out
UBS Chocolate,Eating Out
UBS Chocolate,Eating Out
Oyster Topup,Transportation
Heytea,Eating Out
Woojung w Deeya Nicole,Entertainment / Social
UBS Breakfast,Eating Out
Kintan,Eating Out
UBS Chocolate,Eating Out
UBS Chocolate,Eating Out
Pooch & Mutt,Dogs
Five Guys w Nicole,Entertainment / Social
M&S Flowers for Queenie,Shopping
Roast Dinner w Nicole,Entertainment / Social
UBS Breakfast,Eating Out
UBS Chocolate,Eating Out
Oyster Topup,Transportation
UBS Chocolate,Eating Out
UBS Eggs for lunch,Eating Out
UBS Breakfast,Eating Out
Papa Johns Pizza,Eating Out
Tesco,Groceries
Thames Water,Bills
Rent,Bills
Lidl Groceries,Groceries
UBS Breakfast,Eating Out
UBS M&M,Eating Out
UBS M&M,Eating Out
Viet Bahn Mi,Eating Out
Tesco,Groceries
Donation to homeless at church,Gifts
asian mart,Groceries
Zima,Entertainment / Social
Lidl,Groceries
Dog Insurance,Dogs
Dinner near Nicole Office Italian Bread,Eating Out
Breakfast UBS,Eating Out
Tesco,Groceries
Viet Bahn Mi,Eating Out
Lidl,Groceries
Tesco,Groceries
Oyster Topup,Transportation
Scoot Flight to Sg,Travel
Breakfast UBS,Eating Out
UBS M&M,Eating Out
Breakfast UBS,Eating Out
UBS Lunch,Eating Out
flowers for Nicole M&S,Entertainment / Social
Viet Bahn Mi,Eating Out
Deliveroo ,Entertainment / Social
TKMAXX gift for Janelle,Entertainment / Social
McD Breakfast w Nicole,Entertainment / Social
Lidl,Groceries
Voxi,Bills
UBS M&M,Eating Out
UBS Breakfast,Eating Out
Dog Insurance,Dogs
"Viet Bahn Mi, treating Aleks",Eating Out
Wifi Virgin Media,Bills
M&S,Groceries
Tesco,Groceries
NeuHaus,Entertainment / Social
NeuHaus,Entertainment / Social
Food @ Heathrow,Travel
Oyster Topup,Transportation
M&S,Groceries
Heating SSE,Bills
Steam Rimworld,Entertainment / Social
Eye drop,Grooming
Food @ Changi,Entertainment / Social
Food @ Changi,Entertainment / Social
Food @ Changi,Entertainment / Social
Garrett popcorn for Nicole's Dad,Entertainment / Social
Pandan Cake,Entertainment / Social
Airlo Sim for Jkt,Travel
Chateraise,Travel
Nicole's Nails,Travel
Gojek,Travel
Chateraise,Travel
Katsu with Nicole between wedding,Travel
Gojek,Travel
Treating Nicole Family to Dim Sum Breakfast,Travel
Batik,Travel
Tea at Mall,Travel
Sg airport gojek to home,Travel
Korean tofu house treat mom for birthday,Travel
Give Mom Money + Treat Wai Gong & Wai Po Dinner,Travel
Gojek,Travel
Gojek,Travel
Binge Breakfast w Rasheed,Travel
Guardian Eyedrops,Travel
Treating David to food,Travel
Gojek,Travel
Treat Dad for his birthday,Travel
Gojek,Travel
Treat Nicole's Parents to Jack Daniels,Travel
Esim for INdo,Travel
Bar food with Edgar & Arica,Travel
Treat Friends to dinner,Travel
Coffee Bread for myself & Nicole parents,Travel
Apple Icloud,Bills
Gojek,Travel
Treat Tasya & Fadli to Genki,Travel
Food @ Changi,Travel
Food @ Changi,Travel
Wasbi Onigiri,Eating Out
Bus singapore,Travel
Pad Thai @ Victoria Park ,Eating Out
Uniqlo Indo,Travel
Dentist Indo,Travel
Council Tax,Bills
Goggles,Shopping
Shoe bags,Shopping
Electricity,Bills
Water,Bills
UBS Lunch,Eating Out
UBS Breakfast,Eating Out
Lidl,Groceries
Tesco,Groceries
New Bedsheets,Shopping
Oyster Topup,Transportation
Lidl,Groceries
UBS Breakfast,Eating Out
Rent,Bills
Photos w yx & Laasya,Entertainment / Social
Asahi,Entertainment / Social
Mcds,Entertainment / Social
UBS Breakfast,Eating Out
Three Uncles,Eating Out
UBS Breakfast,Eating Out
Oyster Topup,Transportation
Tesco,Groceries
Tesco Cds,Groceries
Viet Pho,Eating Out
Donation to homeless church,Gifts
Golden Gate Bread,Eating Out
Noodle & Beer w Nicole,Eating Out
Airbnb Tokyo,Travel
 Kitchen Aid,Shopping
Groceries Lidl,Groceries
M&M,Eating Out
Voxi,Bills
UBS Breakfast,Eating Out
Heytea,Eating Out
Wasabi w Nicole,Eating Out
Lidl,Groceries
M&M,Eating Out
UBS Breakfast,Eating Out
UBS Breakfast,Eating Out
Boots Nail clippers,Shopping
Dog Insurance,Dogs
3 Uncles,Eating Out
UBS Breakfast,Eating Out
Golden Gate Char Siew Bread,Eating Out
Eat Tokyo,Eating Out
Donation to church,Gift
Mark Bowl,Gift
Waterstones Gift for Prajj,Gift
Oyster Topup,Transportation
Lidl,Groceries
UBS Breakfast,Eating Out
Char Kuey Teow w Zarek,Eating Out
UBS Breakfast,Eating Out
Oyster Topup,Transportation
UBS Breakfast,Eating Out
Council Tax,Bills
Virgin Wifi,Bills
Deliveroo Wingstop,Eating Out
ICloud Storage,Bills
Tesco,Groceries
M&S,Groceries
Lidl,Groceries
Deliveroo Pizza,Eating Out
Heytea,Eating Out
UBS Breakfast,Eating Out
UBS Breakfast,Eating Out
Thames Water,Bills
Octopus Elect,Bills
UBS Breakfast,Eating Out
McD,Entertainment / Social
UBS Breakfast,Eating Out
M&S,Groceries
Oyster Topup,Transportation
Lynn Present,Gifts
Asian Mart,Groceries
Dog Poop bag holder,Dogs
Rudys Lynns birthday,Entertainment / Social
Lidl,Groceries
Arcade Games at Lynn Birthday,Entertainment / Social
C&R,Eating Out
Molly Tea,Eating Out
Oyster Topup,Transportation
UBS Breakfast,Eating Out
Three Uncles,Eating Out
UBS choco,Eating Out
Three Uncles copy,Eating Out
UBS Breakfast,Eating Out
Three Uncles,Eating Out
Rent,Bills
Plaza Khao Gaeng,Entertainment / Social
Tk Alex Gift + Cutlery,Entertainment / Social
Movie,Entertainment / Social
Viet Baguette,Entertainment / Social
Viet Baguette,Entertainment / Social
Steam Games,Entertainment / Social
Lidl,Groceries
Voxi,Bills
Uber to Robin Place,Entertainment / Social
Dog Insurance,Dogs
Dinner groceries,Groceries
Tesco Groceries,Groceries
Draw money,Entertainment / Social
Chinatown Bread,Groceries
Tesco Groceries,Groceries
Zima w Aloy ,Entertainment / Social
Oyster Topup,Transportation
M&S,Groceries
Bus tix to exeter,Travel
Laundry,Living Essentials
Journal for Nicole,Gifts
Train for Homeless,Gifts
Money for Homeless,Gifts
Breakfast with David,Food
Ldn Tube,Travel
Lunch with Nicole,Food
Lunch with Nicole,Food
Dinner with Nicole,Food
Sauce cup,Food
Ldn Tube,Travel
Taxi home,Travel
Converse Patchwork Highs,Personal
Bus ride change,Travel
Flowers for Nicole,Gifts
Milk,Groceries
Ryanair verification,Travel
Tofu,Groceries
Chicken,Groceries
Sweets,Groceries
Fruits,Groceries
Bus home,Groceries
Tuna Sandwich,Food
Bus change from Ldn - Exeter,Travel
Forum Kitchen Lunch,Food
Starbucks,Food
Hot Choc Pret,Food
Lunch Efes,Food
Sainsbury,Groceries
Bus,Transportation
Voxi,Utilities
Train to Southend,Travel
Lunch,Food
Taxi,Transportation
To Stevenage,Travel
Tube,Travel
Train from stevenage to ldn,Travel
Uber to Stevenage Stn,Travel
Train to Ldn from Stevenage,Travel
Wasabi Lunch,Food
Bus to Stansted,Travel
Lunch with anchor brothers,Food
Train to stevenage,Travel
Uber to Stevenage Stn,Travel
Uber to Nicole,Travel
Costa Coffee,Food
Burger King ,Food
Voxi,Utilities
Train to Oslo City,Travel
Andersson Bell Sweater,Personal
Andersson Bell Sweater for Nicole,Gifts
Coffee in Norway,Food
Warmies for Nicole,Gifts
Co-Op Groceries for Norway,Groceries
Tube Ldn,Travel
Oslo Tourist Pass,Travel
Ski Rental & Ski pass,Travel
Lee jeans & beanie,Personal
Vanilla Milkshake,Food
Ralph Lauren Scarf,Personal
Hoodie,Personal
Postcards for Nicole,Gifts
Apple Crumble Gelato,Food
Strawberry Milkshake,Food
Train to Oslo Airport,Travel
Uber to Nicole's,Travel
To stevenage,Travel
Sainsbury,Personal
Uber to Stevenage Stn,Travel
Train to Ldn from Stevenage,Travel
Uber to Stevenage Stn,Travel
Train to Ldn from Stevenage,Travel
Burger King,Food
Train to Vienna City Centre,Travel
Lunch,Food
Gelato,Food
COS Scarf,Personal
Hotel Keycard,Travel
Macs Dinner,Food
Tiramisu Cake,Food
train to budapest that i missed,Travel
Train to budapest,Travel
pizza in vienna,Food
toilet in vienna,Travel
Fried Rice in Budapest,Food
Chicken In Asian Store In Budapest,Food
Aloe Vera in budapest Asian Store,Food
Toilet in Budapest,Travel
Drinks and Burger at sports bar in Budapest,Food
Toilet in Budapest,Travel
Costa Coffee at Stansted,Food
Black Sheep Coffee at Heathrow,Food
Curry & Tofu,Groceries
Egg & Pasta Sauce & Cheese,Groceries
Milk,Groceries
Bus home from town,Transportation
Cny Event Singsoc,Entertainment / Social
Sausages & Mentos,Groceries
Pillows & Bedsheets,Living Essentials
Vitamin C,Living Essentials
Thai Milk Tea,Food
Tangyuan,Groceries
Bubble tea,Food
Somboon ,Food
Washing Machine,Living Essentials
Bus,Transportation
Taxi to bus depot,Travel
Train to Stevenage,Travel
Flowers & Bagel & Jam,Groceries
Uber,Transportation
Uber,Transportation
Uber,Transportation
Uber,Transportation
Beer at spoons,Food
National Express,Travel
Costa Coffee,Food
Tube,Transportation
Burger King Lunch,Food
Voxi Roaming,Travel
Bus to Stockholm Central,Travel
Burgers in Stockholm,Food
Cinnamon Rolls,Food
Co-Op,Groceries
Flix bus to Upsalla,Travel
Ferry Tickets in Stockholm,Travel
Ferry Tickets in Stockholm,Travel
Vanilla Latte & Cinnamon Bun,Food
Bread & Maggie,Groceries
Ikea Meatballs,Food
Ikea Apple Crumble & Ice Cream,Food
Train from Hatfield to Exeter,Travel
Omakase Sushi,Food
Coop,Groceries
Postcards for Nicole,Gifts
Postcards for Nicole,Gifts
Carrot Cake,Food
Shaker Bottle,Personal
Bus date change to april,Travel
Bus to Hatfield,Travel
Bus to Gothenburg from Uppsala,Travel
Voxi Roaming,Travel
Kebab at Uppsala to Gothenburg Bus Terminal,Food
Train at Gothenburg,Travel
Voxi Roaming,Travel
Postcard for Nicole,Gifts
Carrot Cake at Gothenburg,Food
Groceries at Gothenburg,Groceries
Bus to Gothenburg Airport,Travel
Postcard for Nicole,Gifts
Dior Sauvage & Chanel no5 for Nicole,Gifts
Bus to Stevenage,Transportation
Bus to Stevenage,Transportation
"Tesco, Grapes etc",Groceries
Train to London,Transportation
Tesco,Groceries
Facemasks & toner,Health/Medical
Goldmine Ldn with Nicole,Food
Photobooth in Ldn,Entertainment / Social
Train to London,Transportation
"Knoops, Hot Choco",Food
"Knoops, Cookie",Food
Ldn Tube,Transportation
Tesco,Groceries
Yaegaebomb w Nicole & Nicholas,Entertainment / Social
Yaegaebomb,Entertainment / Social
Yaegaebomb,Entertainment / Social
Yaegaebomb,Entertainment / Social
Ldn Tube,Transportation
Uber to Stevenage,Transportation
M&S,Groceries
Somboon Dinner,Food
Taxi home from Somboon w Nicole,Transportation
Laundry,Utilities
Train to St thomas tkmaxx,Transportation
"Tkmaxx, Plates etc",Living Essentials
M&S,Groceries
Poundland,Groceries
Train to Exeter Central,Transportation
Tesco,Groceries
Bus Home,Transportation
Voxi,Utilities
Milk,Groceries
Asian Mart,Groceries
Bus Home,Transportation
Pret,Food
Efes Grill with Nicole,Food
Savers,Living Essentials
M&S,Groceries
Train to Exmouth w Nicole,Travel
Pret,Food
Sainsbury,Groceries
Waffles with Nicole,Food
Tesco,Groceries
M&S,Groceries
Sweden Accomodation,Travel
Bus home,Transportation
UBS Transport - Will get Reimbursed,Travel
Stevenage - London,Travel
Refund Admin Charge lol bc UBS wanted me to change dates,Travel
Tesco,Groceries
M&S,Groceries
Tesco,Groceries
Train Tix to Ldn,Travel
M&S,Groceries
Forum Kitchen,Food
Nicole's Ticket to Exeter,Gifts
M&S,Groceries
Tesco,Groceries
Wilko,Groceries
Bus,Transportation
Train Exeter Central to Davids,Transportation
Tesco,Groceries
Forum Kitchen W Nicole,Food
Drinks w Nicole by the Mill,Food
Taxi home after drinks w Nicole,Transportation
Somboon Lunch w Nicole after Mass,Food
M&S,Groceries
Cerave Body Lotion,Living Essentials
Asian Mart,Groceries
Tesco,Groceries
Singsoc Makan Night,Food
Pret Almond Croissants,Food
Namaste Exeter w Nicole,Food
Sainsbury,Groceries
Bus,Transportation
Taxi to St Davids w Nicole,Transportation
Train to Exe Central from St Davids,Transportation
M&S,Groceries
Tesco,Groceries
"Shampoo, Body Wash, Toothpaste",Living Essentials
Overcharged - Waiting for Refund,Transportation
Night Bus,Transportation
Bus to Ldn,Travel
Somboon,Food
Cds w Nicole,Living Essentials
Tube,Transportation
LSE Dinner w Nicole,Food
Voxi,Living Essentials
Groceries w Nicole,Groceries
Stevenage-Ldn,Transportation
Toba Dinner,Food
Toba Dinner Nicole,Food
Tube,Transportation
Uber,Transportation
Uber,Transportation
Train to Ldn,Transportation
M&S Cookie,Food
Taxi Home from Bus station,Transportation
Tube,Transportation
Bus to city centre,Transportation
Tikka Masala & Coconut Milk,Groceries
Salt & Grapes,Groceries
Pad Thai,Food
Tesco ,Groceries
M&S,Groceries
Rice,Groceries
Bus,Transportation
Bus,Transportation
Pizzas,Food
Return tix to ldn,Travel
Groceries,Groceries
Tube,Transportation
Movie w Nicole,Entertainment / Social
Firejacks w Nicole,Food
Train Stevenage - Ldn,Travel
Nicole Lunch,Food
Taxi Home from Bus station,Travel
Tube,Transportation
Dinner Forum Kitchen,Food
Pret Egg Sandwich,Food
bus,Transportation
mentos co-op,Groceries
Sandwich co-op,Food
Half Chicken Meal,Food
Burrito Exeter,Food
KinKhao Lunch w Keane & Heegon,Food
M&S,Groceries
Tesco,Groceries
Ldn- Exeter Train,Travel
Streplis for throat,Health/Medical
Cds w Nicole,Living Essentials
Carrot Cake @ Waterstones,Food
Somboon,Food
Plymouth tixs w Nicole,Travel
Starbucks Ham& Cheese Panini,Food
Tube,Transportation
Tesco,Groceries
Tesco,Groceries
Plymouth Airbnb,Travel
Tesco,Groceries
Eat Tokyo w Nicole,Food
Ldn-Exeter,Travel
Tube,Transportation
Boots,Health/Medical
Bus home to Stevenage,Transportation
Train to Ldn from Stevenage,Transportation
Bus home to Stevenage,Transportation
Bus home to Stevenage,Transportation
Bus home to Stevenage,Transportation
Train to Ldn from Stevenage,Transportation
Train to Ldn from Stevenage,Transportation
Tube,Transportation
Bus home to Stevenage,Transportation
Krispy Kreme,Food
Tube,Transportation
Tesco,Groceries
Chai Latte w Nicole at Plymouth,Food
Cake by terrace at Plymouth,Food
Fish & Chips @ Plymouth,Food
Ice Cream @ Plymouth,Food
Pasta @ Plymouth,Food
Tesco,Groceries
Fish & Chips @ Plymouth,Food
Mountbatten Ferry,Transportation
Taxi home @ Plymouth,Transportation
Fish & Chips @ Plymouth,Food
Boat ride to Cawsand & Kingsand,Transportation
"Hot tea, Chocolate & Cake @ the Dome Plymouth",Food
Chicken Dinner otw back to Exeter,Food
Voxi,Utilities
Train to exeter central,Transportation
Standing Fan,Living Essentials
Starbucks Breakfast,Food
Hot Choco @ Cafe Nero,Food
Kecap Manis,Groceries
Rasa Sayang London,Food
Bus home to Stevenage,Transportation
Train to Ldn from Stevenage,Transportation
Tube,Transportation
Bus home to Stevenage,Transportation
Bus home to Stevenage,Transportation
Train to Ldn from Stevenage,Transportation
Lunch w Jeremy,Food
Mango Lychee Tea @ Whittard,Food
Tsujiri,Food
Train to Stevenage from Ldn,Transportation
Tube,Transportation
Donuts @ Co-Op,Groceries
Bus home to Stevenage,Transportation
Old Town Lunch w Nicole,Food
Din Tai Feng w Nicole & Nicholas,Food
Tube,Transportation
Train to Ldn from Exeter,Transportation
Tesco,Groceries
Tesco,Groceries
Bus home to Stevenage,Transportation
Grapes & Donuts @ Co-Op,Groceries
Bus home to Stevenage,Transportation
Coffee London,Food
Meet Fresh London,Food
Bus home to Stevenage,Transportation
Tube,Transportation
TK Maxx,Food
Tesco,Groceries
Bus home to Stevenage,Transportation
Japanese Food w Nicole,Food
Whale Tea,Food
Rasa Sayang,Food
Cabin Zero Bag,Personal
Flights to Barcelona,Travel
Tube,Transportation
Airbnb in Barcelona,Travel
Chili Oil,Groceries
Groceries w Nicole,Groceries
Ldn-Exeter,Travel
Exeter-Ldn,Travel
Giselle's Tickets Ldn & Exe,Giselle
Ldn-Exeter,Travel
Exeter-Ldn,Travel
Bus home to Stevenage,Transportation
Starbucks,Food
Tesco,Groceries
co-op,Groceries
Food,Food
Uber to station,Transportation
Train to Hatfield,Transportation
Tube,Transportation
Clothes Rack + Tupperware,Living Essentials
Filter + Chicken Stock,Gifts
M&S,Groceries
Soy Milk,Groceries
Meat,Groceries
Eggs,Groceries
Taxi,Transportation
Giselle Flights to Italy,Giselle
Flights to Italy,Travel
Train to London,Travel
Train to Exeter,Travel
Airbnb Italy,Travel
Giselle Bus to Florence,Giselle
Bus to Florence,Travel
Giselle Bus to Rome,Giselle
Bus to Rome,Travel
Rent for London,Rent
icloud,Living Essentials
Bus,Transportation
Bus,Transportation
Train,Travel
Train,Travel
Train,Travel
Train,Travel
Wa cafe with Nicole,Food
Uber,Transportation
Snacks,Groceries
Tube,Transportation
Uber,Travel
Train,Travel
Krispy Kreme,Food
Burger King,Food
Tube,Transportation
Esso,Food
Giselle Train to Exeter,Giselle
Costa Coffee,Food
Groceries w Nicole,Groceries
Tube,Transportation
Voxi,Living Essentials
Kintan w Nicole,Food
M&S,Groceries
Tesco,Groceries
Sainsbury,Groceries
Asian Mart,Groceries
Bubble Tea,Food
TKmaxx,Living Essentials
Train to Stansted,Travel
Burger King,Food
Voxi EU addon,Travel
Tube,Transportation
Metro Barcelona,Transportation
Burger Barcelona,Food
Tube,Transportation
Bus Barcelona,Transportation
Giselle,Giselle
Tortilla & Sangria Dinner Barcelona,Food
Breakfast Barcelona Orange Juice & Panini,Food
Paella & Octopus & Sangria Lunch,Food
Postcards,Gifts
Postcards,Gifts
Pastry for Dinner,Food
Sangria,Food
Pizza Dominos,Food
Bus Barcelona,Transportation
Bus Barcelona,Transportation
Candle Church,Travel
Entrance fee to top of Tibidabo,Travel
Tortilla & Latte,Food
Bus Ticket to Airport,Travel
Chocolate,Food
Snowglobe for Nicole's Mom,Gifts
Burger King,Food
Stansted-Liverpool,Travel
Handsoap,Living Essentials
Lidl,Food
Giselle,Giselle
Giselle,Giselle
Giselle,Giselle
Tube,Transportation
Spain bus,Transportation
Spain bus,Transportation
NIKI Concert,Entertainment / Social
Train To Stevenage,Transportation
Groceries w Nicole,Groceries
Bus Stevenage,Transportation
Tube,Transportation
Tesco,Groceries
Train,Transportation
Tube,Transportation
Lidl,Groceries
Tesco,Groceries
Mango Juice,Groceries
Bus Exeter,Transportation
Train to Brighton,Travel
Swimshorts,Personal
Airbnb Brighton,Travel
Bus Exeter Giselle,Giselle
Orange Juice,Groceries
Tube,Transportation
Forum Kitchen,Food
London Rent,Giselle
Nicole Almond Croissant,Gifts
Esso,Food
Train to Exeter,Transportation
Starbucks,Food
Tube,Transportation
Tokyo Diner,Food
Ice Cream,Food
Lidl,Groceries
Uber ,Transportation
Tube,Transportation
Co-Op,Groceries
Bus,Transportation
Tesco,Groceries
Baos Kew Garden,Food
TkMaxx,Personal
LSE,Food
Asian Mart,Groceries
Asian Mart,Groceries
Asian Mart,Groceries
Bus,Transportation
Tube,Transportation
Lidl,Groceries
Clothes Rack,Living Essentials
Tube,Transportation
Lidl,Groceries
Towel,Living Essentials
June Rent,Rent
Giselle,Giselle
Tesco,Groceries
Bus,Transportation
Esso,Groceries
Tortilla,Food
Paella,Food
Tube,Transportation
Paella,Food
Groceries,Groceries
Apple subscription,Personal
M&S,Groceries
Lidl,Groceries
Tube,Transportation
Uber + bus,Transportation
Milkshake,Food
Apple subscription,Personal
Tube,Transportation
Train to Stansted,Travel
Voxi Europe,Travel
Burger King,Food
Transport to Venice,Travel
Transport to Venice,Giselle
Transport to Venice,Travel
Transport to Venice,Giselle
Dinner in Venice,Food
Dinner in Venice,Giselle
Transport to Venice,Travel
Transport to Venice,Giselle
Lunch in Venice,Food
Lunch in Venice,Giselle
Food,Food
Voxi,Living Essentials
Pedron Caffe,Food
Pedron Caffe,Giselle
Tube,Transportation
Lunch in Padua,Food
Lunch in Padua,Giselle
Tram,Transportation
Tram,Giselle
McD,Food
McD,Giselle
Lunch in Florence,Food
Lunch in Florence,Giselle
Water,Food
Water,Giselle
Ice Cream,Food
Ice Cream,Giselle
Slippers,Personal
Dinner in Florence,Food
Dinner in Florence,Giselle
Dinner in Florence,Food
Dinner in Florence,Giselle
Water,Food
Water,Giselle
Dinner in Florence,Food
Dinner in Florence,Giselle
Ice Cream,Food
Ice Cream,Giselle
Rome Transport,Transportation
McD,Food
McD,Giselle
McD,Food
McD,Giselle
Holy Water,Personal
McD,Food
McD,Giselle
McD,Food
McD,Giselle
Rome Transport,Transportation
Carbonara,Food
Carbonara,Giselle
Ice Cream,Food
Ice Cream,Giselle
Rome Transport,Transportation
Sandwich,Food
Sandwich,Giselle
Pisa,Food
Pisa,Giselle
Pasta Dinner Pisa,Food
Pasta Dinner Pisa,Giselle
Transport to Airport Pisa,Transportation
Transport to Airport Pisa,Giselle
Lidl,Groceries
Tube,Transportation
Lidl,Groceries
Dinner w Nicole,Food
Tube,Transportation
Uber + Uber eats + Bus,
Chinatown,Food
Old Town,Food
Wasabi,Food
Tube,Transportation
Lidl,Groceries
Tube,Transportation
Lidl,Groceries
Lidl,Groceries
Tesco,Groceries
Arriva Bus,Transportation
Tube,Transportation
TKMaxx,Personal
Tesco,Groceries
Lidl,Groceries
The Bystander,Food
Riddle & Fins,Food
Pier View,Food
Tube,Transportation
Tube,Transportation
Tube,Transportation
Wasabi,Food
Meet Fresh,Food
Tube,Transportation
Wasabi,Food
Lidl,Groceries
UBS Breakfast,Food
Tube,Transportation
Boots,Living Essentials
Chinatown,Food
Bingsu,Food
Tube,Transportation
UBS Breakfast,Food
Eat Tokyo,Food
Arriva Bus,Transportation
Tube,Transportation
July Rent,Rent
Stevenage Bus,Transportation
Trainline,Transportation
Boots,Toiletries
Wasabi,Food
Tube,Transportation
Ice Cream,Food
Goldmine,Food
Trainline,Transportation
Tube,Transportation
Stevenage Bus,Transportation
Island Poke,Food
Train Fine,Transportation
Tube,Transportation
Lidl,Groceries
Tube,Transportation
UBS Breakfast,Food
Apple Cloud,Subscriptions
Tube,Transportation
Lidl,Groceries
Lidl,Groceries
Tube,Transportation
Tube,Transportation
Voxi,Subscriptions
Lidl,Groceries
Bus,Transportation
Tube,Transportation
Bus,Transportation
Train to Stevenage,Transportation
UBS Coffee,Food
Burger Dinner at Butchies,Food
Skincare + fee,Health
Tube,Transportation
Lidl,Groceries
Tube,Transportation
Haircut,Health
Tube,Transportation
Lidl,Groceries
Pizza,Food
Boots,Health
Rasa Sayang,Food
Tube,Transportation
Tube,Transportation
Lidl,Groceries
Lidl,Groceries
Train,Transportation
Train,Transportation
Train,Transportation
Train,Transportation
Lidl,Groceries
Flight to Morocco,Travel
Pret,Food
Asian Mart Rice,Groceries
Pho,Food
Tube,Transportation
Chai Latte,Food
UBS Breakfast,Food
Tube,Transportation
Tube,Transportation
Lidl,Groceries
Train,Transportation
Lidl,Groceries
Morocco Desert Tour,Travel
Plants at Tesco,Social
Ikea food,Food
Ikea plants,Social
Ikea Dinner,Food
Tube,Transportation
Tesco,Groceries
Lidl,Groceries
Tube,Transportation
Chai Latte,Food
Xingfutang,Food
Tube,Transportation
Lauv Concert,Social
Lidl,Groceries
Five guys Milkshake,Food
Apple Icloud,Subscriptions
Tube,Transportation
Barbie,Social
Voxi,Subscriptions
Chai Latte,Food
Lidl,Groceries
Papa Johns Pizza,Food
Train,Transportation
Tube,Transportation
Eataly Dinner,Food
Ice Cream,Food
Wasabi,Food
Chai Latte,Food
Lidl,Groceries
Tube,Transportation
Tesco,Groceries
Somboon,Food
Train,Transportation
Train to Exmouth,Transportation
KinKhao ,Food
Tube,Transportation
Bread,Food
Bread,Food
Tube,Transportation
Wasabi,Food
Lidl,Groceries
Tube,Transportation
Lidl,Groceries
Lidl,Groceries
Pho,Food
Tube,Transportation
Food from gas station,Food
Food from gas station,Food
Food from gas station,Food
Food from gas station,Food
Drinks with Nicole at Woolwich,Food
Tube,Transportation
Lidl,Groceries
Lidl,Groceries
Chai Latte,Food
Rice Asian Mart,Groceries
Bali Bali Dinner w Nicole,Food
Tube,Transportation
Chai Latte,Food
Eating out,Food
Chai Latte,Food
Paella at Food Market,Food
Tesco,Groceries
Tube,Transportation
Bubble Tea,Food
Tube,Transportation
Eat Tokyo,Food
Ice Cream,Food
Papa Johns Pizza,Food
Tube,Transportation
Ikea Lunch,Food
Plants & Pots & other misc Ikea,Social
Milkshake Ikea,Food
Marugame Udon,Food
Wootea London,Food
Tube,Transportation
Eat Tokyo,Food
Tesco,Groceries
Tesco,Groceries
Poundland,Groceries
Tube,Transportation
Bus to Gatwick,Travel
Train to Stevenage,Transportation
Uber,Transportation
Bus,Transportation
Uber,Transportation
Bus,Transportation
Chinese Takeaway,Food
Bubble Tea,Food
Tube,Transportation
Deliveroo Lunch ,Food
Caffe Nero,Food
Car Rental,Travel
Nandos,Food
Tube,Transportation
Hotel Hissan,Travel
Spa w Nicole Morocco,Travel
YSL Museum w Nicole,Travel
Postcards w Nicole YSL,Travel
Nomad Morocco,Travel
Icloud Subscription,Subscriptions
Train to Rabat,Travel
Voxi,Subscriptions
Hotel Braya,Travel
Paul Airport,Travel
Ticket Change,Travel
Meal Deal Airport,Food
Train to Liverpool from Stansted,Travel
Oyster Card,Travel
Meds,Health
Morocco Cash Spending,Travel
Electric Car topup,Car
Electric Car topup,Car
Waitrose Handsoap,Toiletries
Parking,Car
Ticket Change,Transportation
Parking,Car
Somboon,Food
Waterfall,Travel
Parking,Car
Electric Car topup,Car
Electric Car topup,Car
Cambridge - Stevenage,Transportation
Exeter - Stevenage,Transportation
McDonalds,Food
Electric Car topup,Car
Wasabi Onigiri,Food
Bus,Transportation
Chinese Takeaway,Food
McDonalds,Food
Bus,Transportation
Train,Transportation
Train,Transportation
Tube Topup,Transportation
Tesco,Groceries
Coffee Ole & Steen,Food
Train,Transportation
Train,Transportation
Train,Transportation
Train,Transportation
"Humidifer, Kangkong seeds, growlights",
Train,Transportation
Bus,Transportation
Wasabi Onigiri,Food
Kin Khao Food,Food
Cash Withdrawal for storage,Health
Sainsbury,Groceries
Tesco,Groceries
Tesco,Groceries
Sainsbury,Groceries
Asian Mart,Groceries
Asian Mart,Groceries
Forum Chicken,Food
Chai Latte,Food
Savers ,Toiletries
Pint,Social
Pint,Social
tp ticket,Social
Mega Meetup,Social
Pret,Food
Asian Mart,Groceries
Tesco,Groceries
Taxi ,Transportation
uksss website domain,Social
Wasabi,Food
Tesco,Groceries
Bus,Transportation
Eat Tokyo,Food
Wootea,Food
Bus ticket,Transportation
Train,Transportation
Train,Transportation
Bus,Transportation
Wasabi,Food
Tesco,Groceries
Tesco,Groceries
Pint,Social
Pint,Social
M&S,Groceries
Tesco,Groceries
Pint,Social
Pint,Social
Tesco,Groceries
M&S,Groceries
Pint,Social
Pint,Social
Pint,Social
Pizza,Food
Tesco,Groceries
M&S,Groceries
Wilko,Health
Tesco,Groceries
Soil,Social