description,category
New Mango Jacket,Shopping
Tian Tian,Groceries
Octopus Eng,Bills
Thames Water,Bills
Council Tax,Bills
TKmaxx,Shopping
Wifi,Bills
Snoopy Vet,Dogs
Lidl,Groceries
Pizza lunch w kai,Eating Out
UBS,Eating Out
Icloud,Bills
Lidl,Groceries
Lidl,Groceries
UBS,Eating Out
Three Unc,Eating Out
Lidl,Groceries
M&S,Groceries
Pizza @ Selfridges,Eating Out
Dog food,Dogs
Slade Cafe,Eating Out
Tsujiri,Eating Out
Donation to church,Gifts
Seoul Plaza,Groceries
C&R,Eating Out
Kebab,Eating Out
Iceland,Groceries
Kebab,Eating Out
Oyster,Transportation
Tesco,Groceries
UBS,Eating Out
Lidl,Groceries
UBS,Eating Out
UBS,Eating Out
UBS,Eating Out
Heytea,Eating Out
UBS,Eating Out
Garbanzos,Eating Out
Lidl,Groceries
Eat Tokyo,Eating Out
Asian Mart,Groceries
Tsujiri,Eating Out
Oyster Topup,Transportation
Rent,Bills
Gails Breakfast,Eating Out
TKMaxx Shampoo & skincare,Grooming
Snoopy Meds,Dogs
Donation,Gifts
Burger & Beyomd,Eating Out
Garbanzos,Eating Out
UBS,Eating Out
UBS,Eating Out
M&S,Groceries
UBS,Eating Out
Dishoom w Laasya & Yx,Eating Out
Gails Lunch,Eating Out
Easyjet to Amsterdam,Travel
amsterdam hotel,Travel
Dogsit when Japan,Travel
Oyster Topup,Transportation
Noodle n Beer,Social
Voxi,Bills
Tsujiri,Social
Lidl,Groceries
Pillow Ikea,Shopping
Ikea Meatballs,Social
Ikea sausage n ice cream ,Social
ikea lunch,Social
Oyster Topup,Transportation
Yonder Annual Membership,Bills
Haircut,Grooming
Lidl,Groceries
Golden Gate,Social
UBS Breakfast,Social
Waggel Dog Insurance,Dogs
UBS Breakfast,Social
Tsujiri,Social
Eat Tokyo,Social
Lunch UBS,Social
UBS Breakfast,Social
Heating SSE,Bills
UBS Breakfast,Social
UBS Fish n Chips,Social
Tkmaxx,Dogs
Lidl,Groceries
Robin Birthday Treat,Social
Oyster Topup,Transportation
UBS Breakfast,Eating Out
UBS M&M,Eating Out
Lidl,Groceries
UBS Breakfast,Eating Out
UBS M&M,Eating Out
UBS M&M,Eating Out
Drinks w Krishna,Eating Out
Lunch UBS,Eating Out
UBS Breakfast,Eating Out
Viet Baguette,Eating Out
Icloud,Bills
UBS M&M,Eating Out
Lunch UBS,Eating Out
UBS Breakfast,Eating Out
Tesco,Groceries
Oyster Topup,Transportation
Lidl,Groceries
Tesco,Groceries
MNS,Groceries
UBS Brekfast,Eating Out
lunch ubs,Eating Out
Badminton,Social
lunch ubs,Eating Out
lunch ubs,Eating Out
UBS Breafast,Eating Out
Lusa w Nicole,Social
lunch ubs,Eating Out
Oyster Topup,Transportation
lunch ubs,Eating Out
yiban,Social
Banh mi,Social
mns,Social
Tian Tian,Groceries
Lidl,Groceries
UBS Breakfast,Eating Out
Noodles Lunch w Zarek,Social
MnM ubs,Eating Out
UBS Breakfast,Eating Out
lunch ubs,Eating Out
Donation Homeless,Gifts
Eat Tokyo,Social
UBS Breakfast,Eating Out
MnM ubs,Eating Out
Rent,Bills
Thames Water,Bills
Oyster Topup,Transportation
Lidl,Groceries
Octopus Energy,Bills
Lidl,Groceries
yipan,Social
Tesco,Groceries
Lidl,Groceries
Oyster Topup,Transportation
MnS,Groceries
Lidl,Groceries
Salt Pizza Lunch w Nicole,Social
Banh mi / Pho,Eating Out
Legal fees house,Shopping
Tesco Groceries,Groceries
dog insurnace,Eating Out
Burrito bowl,Eating Out
pooch n mutt,Dogs
mns,Groceries
fishnchips,Eating Out
avanzar surveyors,Shopping
Wifi,Bills
MnS,Groceries
MnS,Groceries
voxi,Bills
doner,Eating Out
woolwich fish mkt,Groceries
katsu office,Eating Out
mns,Groceries
mns,Groceries
Noodle n Beer,Eating Out
New Walking Shoes,Shopping
katsu office,Eating Out
mns,Groceries
Voxi,Bills
Biang Biang Noodles,Eating Out
Train Amsterdam,Travel
Linguini ,Eating Out
Bulldog Drinks,Eating Out
Red Light Bar Drinks,Eating Out
Uber Amsterdam,Travel
iCloud,Bills
Omelegg Amsterdam,Eating Out
Fries Amsterdam,Eating Out
WowCrab Amsterdam,Eating Out
Amsterdam Supermkt,Groceries
Water Amsterdam,Groceries
Cafe Amsterdam,Eating Out
Bus Amsterdam,Travel
Thames Water,Bills
Elec ,Bills
Lidl,Groceries
Tesco,Groceries
Oyster,Transportation
Dial Arch,Eating Out
Eat Tokyo w Aloy,Eating Out
Lidl,Groceries
mns,Groceries
Eat Tokyo,Eating Out
ubs breakfast,Eating Out
ubs breakfast,Eating Out
ubs,Eating Out
Tesco,Groceries
Oyster,Transportation
Lidl,Groceries
Tea from tkmax,Groceries
lidl bread,Groceries
DisneySea,Travel
yoga,Social
mns cake,Gifts
atm,Eating Out
atm,Eating Out
c2c cable,Shopping
Puzzle Amsterdam,Shopping
Dog Food,Dogs
Hotel tax Amsterdam,Travel
Tesco,Groceries
Lidl,Groceries
Lidl,Groceries
Rent,Bills
Hoshi,Eating Out
Popeyes,Eating Out
Lidl,Groceries
M&Ms,Eating Out
Three Uncles,Eating Out
Donation,Gifts
Yeye Noodles,Eating Out
Tsujiri,Eating Out
TKMaxx - poop bag,Dogs
Lidl,Groceries
mns,Groceries
Oyster,Transportation
ubs breakfasrt,Eating Out
mints ubs,Eating Out
Voxi,Bills
UBS breakfast,Eating Out
ubs mnm,Eating Out
Badminton,Social
Lidl,Groceries
Hail Mary Odeon,Social
Greek box ,Eating Out
phad thai,Eating Out
popcorn mns,Social
Waggel,Dogs
UBS Breakfast,Eating Out
Donation Church,Gifts
UNiqlo,Shopping
Lunch w Janelle,Eating Out
LSE Fried Rice,Eating Out
TKMaxx,Shopping
Lidl,Groceries
Oyster Topup,Transportation
ubs mnm,Eating Out
mns,Groceries
roti king,Eating Out
pints w Jan,Eating Out
ubs breakfast,Eating Out
mns,Groceries
lidl,Groceries
mns,Groceries
badminton,Social
Lidl,Groceries
mns,Groceries
Dog Park w Nicole,Social
Tesco,Groceries
mns,Groceries
Donation Church,Gifts
Plaza Khao Gaeng w Nicole Treat Robin,Eating Out
tjx,Shopping
Oyster topup,Transportation
Lidl,Groceries
Thames Water,Bills
Council,Bills
icloud,Bills
Thames Water,Bills
Elec ,Bills
Whittard for gifts,Gifts
boots,Grooming
mns,Groceries
ubs breakfast,Eating Out
UBS,Eating Out
Yeye Noodle,Eating Out
Oyster topup,Transportation
Tesco,Groceries
ubs breakfast,Eating Out
mns,Groceries
Tesco,Groceries
Foxtons,Bills
Esim singapore,Travel
NTUC Singapore,Groceries
Singapore public transport,Travel
Birds of paradise singapore,Eating Out
Singapore transport,Travel
Maya mobile japan esim,Travel
japan combini,Eating Out
suica,Travel
train ticket japan,Travel
Ichiran,Eating Out
japan combini,Eating Out
japan combini,Eating Out
japan combini,Eating Out
suica,Travel
food,Eating Out
Locker,Eating Out
Lawson,Eating Out
yakiniku,Eating Out
Daiso,Shopping
7-11,Eating Out
Suica,Travel
Montbell,Shopping
japan combini,Eating Out
japan combini,Eating Out
Daily Yamazaki,Eating Out
lawson,Eating Out
suica,Travel
food shinkansen,Eating Out
Shinkansen,Travel
food arashimaya,Eating Out
arashimaya bread,Eating Out
7-11,Eating Out
tokyo disney sea,Eating Out
Suica,Travel
suica,Travel
japan combinii,Eating Out
Lawson,Eating Out
unatoto tokyo,Eating Out
Daiso,Shopping
Bento Tokyo,Eating Out
Montbell Tokyo,Shopping
Singapore Transport,Travel
Expensive dessert,Eating Out
Uniqlo,Shopping
Eating at arata recc,Eating Out
Groceries Jpn,Groceries
Suica,Travel
Voxi,Bills
Uniqlo,Shopping
Donki,Shopping
Suica,Travel
Suica,Travel
Suica,Travel
Roku Gin,Shopping
Heavenly Wang,Eating Out
Waggel,Dogs
iceland eggs,Groceries
Lidl,Groceries
UBS,Eating Out
UBS,Eating Out
M&S,Eating Out
Lidl,Groceries
Oyster Topup,Transportation
MnS,Groceries
Virgin,Bills
SSE Heating,Bills
Dishoom,Shopping
Noodle n Beer,Eating Out
UBS,Eating Out
UBS,Eating Out
badminton,Social
UBS,Eating Out
Tesco,Groceries
Lidl,Groceries
Beer,Eating Out
Cafe w Nicole n Nicholas,Eating Out
mns,Groceries
Donation to homeless church,Gifts
MnS,Groceries
Vue Cinema,Social
Oseyo,Groceries
mns,Groceries
oseyo,Groceries
Council Tax,Bills
UBS Breakfast,Eating Out
UBS,Eating Out
UBS Breakfast,Eating Out
iCloud,Bills
Katsu Lunch,Eating Out
Kebab,Eating Out
UBS Breakfast,Eating Out
Three uncles,Eating Out
Oyster Topup,Transportation
UBS Breakfast,Eating Out
Office Katsu Market,Eating Out
C&R,Eating Out
Tsujiri,Eating Out
Dog Bowl,Dogs
TKMaxx dog shampoo,Dogs
Lidl,Groceries
Lidl,Groceries
Thames Water,Bills
Octopus Energy,Bills
UBS Breakfast,Eating Out
Tesco,Groceries
Viet Baguette,Eating Out
UBS Breakfast,Eating Out
UBS,Eating Out
wingstop,Eating Out
rent,Bills
Heard Burger w Jeremy,Eating Out
Chili Noodles w Nicole Jinshi near our place,Eating Out
UBS Breakfast,Eating Out
Haircut,Grooming
UBS Breakfast,Eating Out
Golden Gate buns,Eating Out
UBS Breakfast,Eating Out
Mints,Eating Out
Mr Foggs JZ leaving Drinks,Eating Out
Three Uncles,Eating Out
UBS Breakfast,Eating Out
UBS,Eating Out
MnS,Groceries
Tesco,Groceries
Cake for Vanessa,Groceries
Ice Cream,Eating Out
Tesco,Groceries
Wingstop,Eating Out
Lidl,Groceries
Asian Mart,Groceries
Oyster Topup,Transportation
Tesco,Groceries
Groceries,Groceries
Lidl,Groceries
Voxi,Bills
Dad Bag,Gifts
Tian Tian,Groceries
Lidl,Groceries
Boots skincare,Grooming
Five Guys,Eating Out
mns,Groceries
waggel,Dogs
mints ubs,Eating Out
Drinks,Eating Out
UBS Snack,Eating Out
UBS breakfast,Eating Out
UBS Market food,Eating Out
UBS breakfast,Eating Out
roti king,Eating Out
UBer boat,Transportation
Lidl,Groceries
Oyster,Transportation
Climbing gym,Social
Yi Ban,Social
mns,Groceries
Council tax,Bills
Virgin,Bills
Noodle n Beer,Eating Out
UBS Breakfast,Eating Out
Waggel,Dogs
UBS  mints,Eating Out
UBS food market,Eating Out
UBS Breakfast,Eating Out
fish n chips office,Eating Out
Icloud,Bills
Mns,Groceries
Tesco,Groceries
Tkmaxx,Shopping
Lidl,Groceries
Oyster,Transportation
UBS Breakfast,Eating Out
Lidl,Groceries
UBS Breakfast,Eating Out
Coffee w Eva,Eating Out
MnS,Groceries
Tesco,Groceries
UBS Breakfast,Eating Out
Hoshi,Eating Out
mints office,Eating Out
Mns,Groceries
Mns,Groceries
Mcd,Eating Out
Dogs food,Dogs
Ong Lai kopitiam,Eating Out
Tesco,Groceries
khao Gaeng,Eating Out
Lidl,Groceries
mns,Groceries
UBS Breakfast,Eating Out
Wrap,Eating Out
tesco,Eating Out
UBS Breakfast,Eating Out
ubs food,Eating Out
ubs food,Eating Out
Mcd,Eating Out
Thames Water,Bills
Elec,Bills
Oyster,Transportation
Mns,Groceries
Rent,Bills
Gulmi ,Eating Out
Dexters holding deposit,Bills
Donation Church,Gifts
cnr,Eating Out
Gulmi ,Eating Out
mints,Eating Out
Voxi,Bills
UBS breakfast,Eating Out
Tesco,Groceries
noodles with yx & laasya,Eating Out
mns,Groceries
Oyster,Bills
Tesco,Groceries
Lidl,Groceries
Wifi,Bills
yi ban,Eating Out
mns,Groceries
Tesco,Groceries
UBS Breakfast,Eating Out
mints,Eating Out
ubs lunch,Eating Out
Deworm meds,Dogs
Charlie Bed,Dogs
Lidl,Groceries
CeX - dell monitor (Nicole Paid Half),Shopping
Royal kebab,Eating Out
"New setup - standing desk, monitor stand etc",Shopping
Breakfast UBS,Eating Out
Wasabi,Eating Out
Momo treat aleks,Eating Out
Council,Bills
Water,Bills
Octopus elec,Bills
Tesco Grocerie,Groceries
Tesco Toilet Paper,Groceries
Lidl Groceries,Groceries
Apple Subscription,Bills
Heinz Tomato Sauce,Groceries
Mercato w ed,Eating Out
Breakfast @ Work,Eating Out
Lidl,Groceries
Tube topup ,Transportation
Topup easysaver card,Groceries
Breakfast @ work,Eating Out
Tian Tian Market,Groceries
Tesco Groceries,Groceries
Popeyes Chicken Amex,Eating Out
Topup easy saver acc,Groceries
Topup Tesco gift card,Groceries
Breakfast @ work,Eating Out
Rent,Bills
Topup easysaver card,Groceries
Thames Water,Bills
Breakfast @ work,Eating Out
Octopus Energy,Bills
"Brucetta & Cake w Nicole, Italian Restaurant near tesco",Eating Out
Breakfast @ work,Eating Out
M&S Cereal,Groceries
Food w Chris & Thomas,Eating Out
Oyster Topup,Transportation
Wingstop,Eating Out
Lidl,Groceries
CD Tesco,Grooming
Lidl - Baking,Groceries
Snoopy Insurance,Dogs
Snacks for myself to destress,Groceries
Tian Tian Market,Groceries
Coffee w Meng Kiang Seah,Social
Top-up M&S Giftcard,Groceries
Breakfast @ work,Eating Out
Yonder Yearly Membership,Bills
Cos Pants,Shopping
Asian Mart Chinatown,Groceries
Meet Fresh,Eating Out
Lidl Groceries,Groceries
Tube topup ,Transportation
Voxi ,Bills
Udemy - Java,Learning
Wasabi Onigiri,Eating Out
Asahi w Bradley,Eating Out
Old Chang Kee - Robin & Friends,Eating Out
Wingstop - Robin & Friends,Eating Out
Uber Home,Transportation
Lidl - Groceries,Groceries
TooGoodToGo,Eating Out
Plaza Khao Gaeng w Janelle,Eating Out
SSE Heating,Bills
Lidl - Groceries,Groceries
Market Lunch,Eating Out
Eat Tokyo - Celeb Quant Offer,Eating Out
Apple Cloud,Bills
Oyster Topup,Transportation
TooGoodToGo,Eating Out
Topup easysaver card,Groceries
Lidl - Groceries,Groceries
Eat Tokyo w Din,Eating Out
Topup easysaver card,Groceries
Topup easysaver card,Groceries
Topup easysaver card,Groceries
Topup Tesco Giftcard,Groceries
Oyster Topup,Transportation
Plaza Khao Gaeng w Nicole,Eating Out
Topup Tesco Giftcard,Groceries
Thames Water,Bills
Octopus Energy,Bills
photobooth,Social
Topup Tesco Giftcard,Groceries
Barrafina w Nicole,Eating Out
Breakfast @ work,Eating Out
Deliveroo - Popeyes,Eating Out
Waggel Insurance,Dogs
Rent,Bills
Breakfast @ work,Eating Out
Lidl - Groceries,Groceries
golf,Social
fried chicken ,Social
kebab w rice,Social
Topup easysaver card,Groceries
Topup easysaver card,Groceries
Virgin Wifi,Bills
Flight to indonesia ,Travel
Lidl,Groceries
Fries @ golf,Social
wagamama w robin n nicole,Social
Flight Ldn - Vienna,Travel
Flight Budapest - Ldn,Travel
Office Breakfast,Eating Out
Tube topup ,Transportation
Papa Johns,Eating Out
Voxi,Bills
Lidl,Groceries
Snoopy Treats,Dogs
TooGoodToGo,Eating Out
C&R ,Eating Out
Budapest & Vienna Airbnb,Travel
Lidl,Groceries
Churches Shoes,Shopping
Naroon w Caitlin,Social
Lidl,Groceries
Eat Tokyo,Eating Out
Donation to Singer w no hand,Learning
Papa Johns Pizza,Eating Out
Apple Cloud,Bills
Golden Gates Buns,Eating Out
M&S Grapes,Groceries
Breakfast @ work,Eating Out
Oyster Topup,Transportation
Haircut,Grooming
M&S,Groceries
Snoopy Treats,Dogs
Lidl,Groceries
Ippudo,Social
Uniqlo Socks,Shopping
Market Halls Teh Tarik,Social
Market Halls Pad Thai,Social
Market Halls Indian Food,Social
Groceries Tesco,Groceries
Badminton,Learning
Eat Tokyo,Eating Out
Wasabi,Social
Oyster Topup,Transportation
Lidl,Groceries
M&S,Groceries
Thames Water,Bills
Electricity,Bills
Golden Gate Buns,Eating Out
C&R Dinner,Eating Out
Lidl,Groceries
Makan w SG @ UBS,Social
Lidl,Groceries
Breakfast @ work,Eating Out
Wasabi,Social
Five Guys Milkshake,Social
Rent,Bills
Lidl Groceries,Groceries
Oyster Topup,Transportation
Snoopy Insurance,Dogs
Drinks w UBS,Social
Mexican Lunch Market,Eating Out
Printing for Nicole,Learning
Papa Johns Pizza,Eating Out
Groceries Lidl,Groceries
Groceries Lidl,Groceries
Snoopy Treats & Wok,Dogs
Donation to Church,Gifts
Kangnam Pocha,Social
Palworld Game,Shopping
Anti Histamine,Groceries
M&S Snacks,Groceries
Lidl Groceries,Groceries
Five Guys Milkshake,Social
Breakfast @ work,Eating Out
Wifi,Bills
Breakfast @ work,Eating Out
Snoopy Vet Bills for falling down,Dogs
Oyster Topup,Transportation
Chendol,Social
M&S,Groceries
Ice Cream,Eating Out
Kangnam Pocha,Social
Lidl,Groceries
Golf,Learning
Voxi,Bills
Topup Easy Saver,Groceries
Lidl,Groceries
Breakfast @ work,Eating Out
Papa Johns,Eating Out
Tesco,Groceries
Eat Tokyo,Eating Out
Breakfast @ work,Eating Out
Council Tax,Bills
Park Ice Cream,Eating Out
C&R takeaway,Eating Out
Golden Gate Bread,Eating Out
Tesco,Groceries
Oyster Topup,Transportation
Icloud Subscription,Bills
Hoka Running Shoes,Shopping
Asian Mart,Groceries
Lidl,Groceries
Lidl,Groceries
Laksamania,Social
Breakfast @ work,Eating Out
Yum Bowl - Office Lunch,Eating Out
Breakfast @ work,Eating Out
Salomon Shoes,Shopping
Royal Kebab Dinner w Nicole,Eating Out
Tkmaxx,Shopping
Uniqlo,Shopping
Ramen w Nicole & Nich friends,Social
Sport Direct,Shopping
Arcade Halls w Nicole,Social
Lidl,Groceries
Thames Water,Bills
Electricity,Bills
Oyster Topup,Transportation
Rent,Bills
Flight to Canada Calgary,Travel
Canada E-Visa,Travel
Canada Airbnb,Travel
Canada Airbnb,Travel
Train to Budapest,Travel
Topup M&S Card,Groceries
Canda Car Rental,Travel
Lidl,Groceries
Burger King,Eating Out
Train to Stansted,Travel
Train to Vienna City Centre,Travel
Voxi,Bills
Mcd Vienna,Eating Out
First Day Dinner @ Vienna,Social
Snoopy Insurance,Dogs
Mcd Vienna,Eating Out
Vienna Tube,Transportation
Italian Restaurant Michelin Star Vienna,Social
Vienna Tube,Transportation
Noodle King Vienna,Eating Out
Mcd Vienna,Eating Out
Vienna Tube,Transportation
Vienna Tube,Transportation
Cafe Schwarzenberg - Vienna Coffee,Social
Noodle King Vienna,Eating Out
Vienna Tube,Transportation
Vienna Dinner,Eating Out
Vienna Tube,Transportation
Budapest Tube,Transportation
TG Osteria - Budapest Lunch,Eating Out
Strudel House,Eating Out
Pho Budapest,Eating Out
SG60 Drinks evening,Social
Hungarian Food,Eating Out
Strudel House,Eating Out
Greek Gyros,Eating Out
Greek Gyros,Eating Out
Pho Lunch,Eating Out
Konyha - Hungarian Food,Social
Vaj - Croissant Breakfast Budapest,Social
Greek Gyros,Eating Out
Deliveroo - Popeyes,Eating Out
Tesco Groceries,Groceries
Tian Tian,Groceries
Topup Tesco Giftcard,Groceries
Voxi,Bills
Heating,Bills
Wifi,Bills
Ice Cream Tesco,Groceries
Mints UBS,Grooming
Council Tax,Bills
Tesco,Groceries
Drinks w Tim,Social
Snoopy Treats,Dogs
Snoopy Treats,Dogs
Shoryu Ramen w Tim,Eating Out
Golden Gate Cake Shop,Social
Oyster Topup,Transportation
Drinks w Tim,Social
Tesco,Social
Tian Tian,Groceries
Market Halls w Tim,Social
Yum Tea Cake for Snoopy Bday,Social
Pizza Deliveroo,Social
Lidl Groceries,Groceries
Icloud Subscription,Bills
Haircut Alice,Grooming
C&R,Eating Out
Lidl Groceries,Groceries
Eat Tokyo,Eating Out
UBS Breakfast,Eating Out
Tesco,Groceries
Leon @ Heathrow,Eating Out
Canmore Shawarma,Eating Out
Beer,Social
ricola,Groceries
Oyster Topup,Transportation
Tim Hortons,Eating Out
Safeway,Groceries
Safeway,Groceries
Park Entrance fee,Travel
Alberta wing shack,Social
Tim Hortons,Eating Out
Safeway,Groceries
Shorts for hot spring,Shopping
Sticker Jonston Canyon,Shopping
Safeway,Groceries
Banff Hot Spring,Social
Hankki Korean food,Eating Out
Hankki Korean food,Social
SkiBig3 Kayak Rental,Social
Gas,Transportation
Elk Dinner,Eating Out
Banff Entrance Fee,Social
Safeway and hankki food and bingsu,Eating Out
Banff Mcd,Eating Out
Bear Spray Rental,Social
Gas,Transportation
Safeway,Groceries
A&W Canada Airport,Eating Out
Cds Tesco,Groceries
Lidl Groceries,Groceries
Snoopy Treats,Dogs
Water,Bills
Octopus Electricity,Bills
Chicken Donner w Rice,Eating Out
Rent,Bills
Tesco Topup,Groceries
Lidl Groceries,Groceries
M&S,Groceries
Snoopy Insurance,Dogs
Udemy JS Course,Learning
Heytea,Eating Out
UBS Breakfast,Eating Out
Mints,Eating Out
Chicken Donner w Rice,Eating Out
Yum Bowl,Eating Out
Tesco Groceries,Groceries
Fish & Chips,Eating Out
UBS Junior Talent Event,Social
Oyster Topup,Transportation
Shiro Sushi Treat,Social
TKMaxx Vinny Treats,Dogs
Pint w Deeya Henry etc,Social
Lunch w Deeya,Social
Pooch & Mutt Snoopy Food,Dogs
M&S,Groceries
M&S,Groceries
Lidl Groceries,Groceries
Deliveroo,Eating Out
UBS Breakfast,Groceries
Voxi,Bills
Royal Kebab,Eating Out
M&S,Groceries
UBS Breakfast,Groceries
Pint after SG event,Social
Mcd,Eating Out
M&S,Groceries
Tesco Topup,Groceries
Oyster Card,Transportation
Uber to get Charlie,Transportation
Uber to get Charlie,Transportation
Charlie,Dogs
Church for Homeless Food,Gifts
Tesco,Groceries
Charlie's Insurance,Dogs
Tesco,Groceries
M&S Pastries,Eating Out
Pint w UBS Grads,Social
Kangnam Pocha,Eating Out
Council Tax,Bills
Papa John,Eating Out
UBS Breakfast,Eating Out
Oyster,Transportation
Apple Icloud,Bills
Topup Tesco,Groceries
Chicken Doner w Rice,Eating Out
Eurostar,Travel
Brussels Hotel,Travel
Primark Charlie's Blanket,Dogs
Indo Concert Food,Social
McD Wrap,Eating Out
M&S Yogurt,Groceries
Lidl,Groceries
M&S,Groceries
UBS Breakfast,Eating Out
Three Uncles Lunch W Michael,Social
Honest Burgers w Nicole,Eating Out
Charlie's Bowl,Dogs
M&S,Groceries
Lidl,Groceries
Ikea Cabinet ,Shopping
Oyster Topup,Transportation
John Lewis Table Lamps,Shopping
Thames Water,Bills
Octopus Electricity,Bills
M&S,Groceries
Lidl,Groceries
Tesco,Groceries
Lidl,Groceries
Charlie's Vaccination,Dogs
Deliveroo Sam's Chicken,Eating Out
Pint w UBS Charles,Social
UBS Breakfast,Eating Out
Chicken Doner w Rice,Eating Out
Rent,Bills
UBS Breakfast,Eating Out
Lidl,Groceries
Tian Tian Japchae,Groceries
New Pillow John Lewis,Shopping
Train to Milan,Travel
Train to Rome,Travel
Flight Ldn - Milan,Travel
Flight Rome - Ldn,Travel
Airbnb Milan & Venice,Travel
Airbnb Rome,Travel
TkMaxx Pink Moss Shirt,Shopping
Japchae Noodles,Groceries
UBS Breakfast,Eating Out
Uber Ikea,Transportation
Ikea Food,Eating Out
UBS Mints,Eating Out
Lidl,Groceries
Oyster Topup,Transportation
Haircut,Grooming
Wifi,Bills
Snoopy Insurance,Dogs
Golden Gate Buns,Eating Out
Chipotle dinner w nicole,Social
UBS Breakfast,Eating Out
Tesco,Groceries
Tesco Beer for Arthur's Birthday,Social
Flat Iron w Nafisa & Desiree,Social
Voxi,Bills
M&S,Groceries
Lidl,Groceries
Tesco,Groceries
UBS bfast,Eating Out
M&S,Groceries
UBS bfast,Eating Out
Council Tax,Bills
Gymshark Clothing,Shopping
Oyster Topup,Transportation
Tesco,Groceries
COS Grey Pants,Shopping
Bao,Eating Out
Photo with Nicole & dogs,Social
iCloud subscription,Bills
UBS bfast,Eating Out
Tesco,Groceries
T4 BBT,Social
M&S,Groceries
UBS bfast,Eating Out
Voxi Travel data,Travel
tube belgium,Transportation
DONKI Belgium,Eating Out
Oyster Topup,Transportation
Flixbus,Travel
Diptyque Perfume,Shopping
COS Grey Sweater,Shopping
tube belgium,Transportation
Belgium Waffles,Eating Out
Train to Antwerp,Travel
Dinner in Brugges,Eating Out
tube belgium,Transportation
Stella Breakfast w Nicole in Belgium,Eating Out
Belgium DONKI w Nicole,Eating Out
tube belgium,Transportation
Locker,Travel
Drinks w Nicole Antwerp,Social
Food while waiting for train back to UK,Eating Out
Chocolate @ Eurostar,Eating Out
Water at Eurostar,Eating Out
Thames Water,Bills
Lidl,Groceries
Octopus,Bills
Tesco,Groceries
HeyTea,Eating Out
UBS bfast,Eating Out
Rent,Bills
Charlie Food,Dogs
Tesco,Groceries
M&S,Groceries
Phad Thai,Eating Out
Tesco,Groceries
Tesco,Groceries
M&S,Groceries
Eat Tokyo,Social
Train to Stansted,Transportation
Voxi Travel data,Travel
Train to Milan Central,Travel
First Day Dinner @ Milan,Eating Out
Tube Milan,Travel
Tube Milan,Travel
McD bfast Milan,Eating Out
Train Ticket 24hrs Milan,Travel
Ribot Dinner,Eating Out
water Milan,Eating Out
Milan Sandwiches,Eating Out
water Milan,Eating Out
Singapore Birthday Dinner London,Social
Train to Lake Como,Travel
Milan Tube,Travel
Train to Lake Como,Travel
Ferry Ticket Lake Como,Travel
Lunch Lake Como,Eating Out
Milan Sandwiches,Eating Out
Tube,Travel
Train to mainland Venice,Travel
Paul Breakfast Italy,Eating Out
Train to mainland Venice,Travel
D1 Lunch Venice,Eating Out
United Colours of benetton linen shorts,Shopping
Slippers Italy,Shopping
Ice Cream Venice,Social
Chocolate for Mich & ixi Venice,Social
Dinner Venice,Eating Out
Train to mainland Venice,Travel
Train to mainland Venice,Travel
Ferry Pass Venice,Travel
Lunch Venice,Eating Out
Dinner Venice,Eating Out
McD bfast Venice,Eating Out
Water Venice,Eating Out
Insect bite cream Rome,Travel
Uniqlo Italy,Shopping
Rome Tube,Travel
D1 Rome Lunch,Travel
Vatican Musei Entry fee,Travel
Vatican Crucifixes,Shopping
Dinner Rome ,Eating Out
Ice Cream after Dinner Rome,Eating Out
Lunch Rome,Eating Out
Tube Rome,Travel
Dinner Rome,Eating Out
Rome Tube,Travel
Lunch Rome,Eating Out
Jolibee Rome,Eating Out
Pizza Rome,Eating Out
McD Breakfast,Eating Out
Rome Tube,Travel
Lunch Rome last day,Eating Out
Waggel Dog Insurance,Dogs
Train from stansted,Travel
Voxi,Bills
Vet Snoopy Vaccinatiion,Dogs
McD Breakfast,Eating Out
Lidl,Groceries
Nicole's Bday Cake,Social
Nicole's Bday Flowers,Social
Heating,Bills
Wifi,Bills
Heytea,Eating Out
Breakfast UBS,Eating Out
"Lunch w Joreen, willie etc",Eating Out
Oyster Topup,Transportation
Wasabi,Eating Out
Council Tax,Bills
Janelle Wedding Gift,Social
Homi Kitchen Chili Sauce,Groceries
Raffle tickets,Social
Tesco ,Groceries
Asian Mart,Groceries
Asian Bread Breakfast,Eating Out
UBS Breakfast,Eating Out
Haircut,Grooming
Oyster Topup,Transportation
ICloud Subscription,Bills
Dinner with Jan,Social
Pint with Jan,Social
UBS Breakfast,Eating Out
Eat Tokyo Dinner w Tim,Social
UBS Breakfast,Eating Out
Lidl groceries,Groceries
M&S Fruits,Groceries
Water,Bills
Electricity,Bills
M&S Pastries,Groceries
Tesco,Groceries
Lidl groceries,Groceries
UBS Breakfast,Eating Out
Tesco,Groceries
UBS Breakfast,Eating Out
Biang Biang Noodles,Eating Out
Drinks w Keefe & Cody,Eating Out
UBS Breakfast,Eating Out
Oyster Topup,Transportation
Tesco,Groceries
Lidl groceries,Groceries
Fish & chips,Eating Out
Three Uncles,Eating Out
UBS Breakfast,Eating Out
Tesco Groceries,Groceries
M&S,Groceries
Lidl,Groceries
TKMaxx Dog stuff,Dogs
UBS Breakfast,Eating Out
Rent,Bills
Tesco,Groceries
M&S,Groceries
Deliveroo Three Uncles,Eating Out
Pad Thai,Social
UBS Breakfast,Eating Out
Wasabi,Eating Out
M&S,Groceries
M&S,Groceries
UBS Breakfast,Eating Out
"Triple Birthday with Deeya, Leia",Social
Oyster Topup,Transportation
Unqilo Joggers,Shopping
Lidl,Groceries
Fish & Chips Margate,Social
Dinner Margate ,Social
Train to Margate,Travel
Water Aldi,Groceries
Rimworld,Shopping
Tesco,Groceries
Lidl,Groceries
UBS Breakfast,Eating Out
Voxi,Bills
Dog Insurance,Dogs
Three Uncles,Social
Wasabi,Eating Out
Tesco,Groceries
M&S,Groceries
UBS Lunch,Eating Out
UBS Breakfast,Eating Out
Dog Treats,Dogs
Paella,Eating Out
Tesco,Groceries
Oyster Topup,Transportation
Wifi,Bills
Tesco,Groceries
Drinks with Chee Seng,Social
seaweed,Groceries
chocolate twist,Groceries
Nail Clipper,Grooming
UBS Breakfast,Eating Out
Padella with Chee Seng,Eating Out
Lidl,Groceries
UBS Breakfast,Eating Out
Plaza Khao Gaeng with Nicole,Eating Out
Council Tax,Bills
M&S Groceries,Groceries
Fish & Chips,Eating Out
Totoro Ticket,Social
Icloud,Bills
flowers for rachel,Social
Ice Cream totoro,Eating Out
kangnam pocha,Eating Out
Oyster Topup,Transportation
M&S Groceries,Groceries
Coffee,Social
UBS Breakfast,Eating Out
Lidl,Groceries
Tesco,Groceries
Lidl,Groceries
M&S Groceries,Groceries
UBS Breakfast,Eating Out
UBS M&Ms,Eating Out
UBS M&Ms,Eating Out
UBS Breakfast,Eating Out
TK Maxx,Shopping
Rimworld DLC,Shopping
Charlie Blanket,Dogs
Papa John,Social
M&S Groceries,Groceries
Tesco,Groceries
UBS Breakfast,Eating Out
Uniqlo Joggers,Shopping
Thames Water,Bills
Octopus Electricity,Bills
Wasabi ,Eating Out
UBS Breakfast,Eating Out
Rent,Bills
C&R w Nicole,Eating Out
Demon Slayer Movie,Social
Oyster Topup,Transportation
Flight to Singapore,Travel
M&S Groceries,Groceries
Flight to Japan,Travel
UBS Breakfast,Eating Out
Church Donation,Gifts
Taro London Jap food,Eating Out
Tian Tian Groceries,Groceries
Tesco,Groceries
Market halls thai food w nicole,Eating Out
Lidl Groceries,Groceries
Tesco Groceries,Groceries
Lidl Groceries,Groceries
UBS Breakfast,Eating Out
UBS Breakfast,Eating Out
UBS M&Ms,Eating Out
UBS M&Ms,Eating Out
HeyTea,Eating Out
Wasabi ,Social
UBS M&Ms,Eating Out
UBS M&Ms,Eating Out
UBS Breakfast,Eating Out
Voxi,Bills
Oyster Topup,Transportation
Tesco,Groceries
Papa Johns Deliveroo,Social
Waggel Insurance,Dogs
Dozo w Nicole,Social
Hinaga w Nicole,Social
Salomons for Nicole Bday,Shopping
Tesco Groceries,Groceries
M&Ms UBS,Eating Out
Golden Gate,Social
UBS Breakfast,Eating Out
Tesco,Groceries
Volunteering Lunch,Eating Out
Oyster Topup,Transportation
UBS M&M,Groceries
UBS M&M,Groceries
M&S,Groceries
UBS Breakfast,Eating Out
Jenki Spitafields,Social
Lidl Groceries,Groceries
Gails,Social
Dog stuff / New Bowl,Shopping
Wifi,Bills
Council Tax,Bills
Electricity,Bills
Tesco,Groceries
Airbnb Japan 2026 Kyoto Osaka,Travel
Airbnb Japan 2026 Kyoto Osaka,Travel
Donation to homeless at church,Gifts
Noodle and Beer,Social
Cafe Breakfast w Nicole,Social
Tesco,Groceries
Brentford game pint,Social
Brentford game,Social
Dozo london with Keane,Social
UBS Breakfast,Eating Out
UBS Chocolate,Eating Out
UBS Chocolate,Eating Out
iCloud,Bills
UBS Breakfast,Eating Out
UBS Chocolate,Eating Out
UBS Chocolate,Eating Out
Oyster Topup,Transportation
Heytea,Eating Out
Woojung w Deeya Nicole,Social
UBS Breakfast,Eating Out
Kintan,Eating Out
UBS Chocolate,Eating Out
UBS Chocolate,Eating Out
Pooch & Mutt,Dogs
Five Guys w Nicole,Social
M&S Flowers for Queenie,Shopping
Roast Dinner w Nicole,Social
UBS Breakfast,Eating Out
UBS Chocolate,Eating Out
Oyster Topup,Transportation
UBS Chocolate,Eating Out
UBS Eggs for lunch,Eating Out
UBS Breakfast,Eating Out
Papa Johns Pizza,Eating Out
Tesco,Groceries
Thames Water,Bills
Rent,Bills
Lidl Groceries,Groceries
UBS Breakfast,Eating Out
UBS M&M,Eating Out
UBS M&M,Eating Out
Viet Bahn Mi,Eating Out
Tesco,Groceries
Donation to homeless at church,Gifts
asian mart,Groceries
Zima,Social
Lidl,Groceries
Dog Insurance,Dogs
Dinner near Nicole Office Italian Bread,Eating Out
Breakfast UBS,Eating Out
Tesco,Groceries
Viet Bahn Mi,Eating Out
Lidl,Groceries
Tesco,Groceries
Oyster Topup,Transportation
Scoot Flight to Sg,Travel
Breakfast UBS,Eating Out
UBS M&M,Eating Out
Breakfast UBS,Eating Out
UBS Lunch,Eating Out
flowers for Nicole M&S,Social
Viet Bahn Mi,Eating Out
Deliveroo ,Social
TKMAXX gift for Janelle,Social
McD Breakfast w Nicole,Social
Lidl,Groceries
Voxi,Bills
UBS M&M,Eating Out
UBS Breakfast,Eating Out
Dog Insurance,Dogs
"Viet Bahn Mi, treating Aleks",Eating Out
Wifi Virgin Media,Bills
M&S,Groceries
Tesco,Groceries
NeuHaus,Social
NeuHaus,Social
Food @ Heathrow,Travel
Oyster Topup,Transportation
M&S,Groceries
Heating SSE,Bills
Steam Rimworld,Social
Eye drop,Grooming
Food @ Changi,Social
Food @ Changi,Social
Food @ Changi,Social
Garrett popcorn for Nicole's Dad,Social
Pandan Cake,Social
Airlo Sim for Jkt,Travel
Chateraise,Travel
Nicole's Nails,Travel
Gojek,Travel
Chateraise,Travel
Katsu with Nicole between wedding,Travel
Gojek,Travel
Treating Nicole Family to Dim Sum Breakfast,Travel
Batik,Travel
Tea at Mall,Travel
Sg airport gojek to home,Travel
Korean tofu house treat mom for birthday,Travel
Give Mom Money + Treat Wai Gong & Wai Po Dinner,Travel
Gojek,Travel
Gojek,Travel
Binge Breakfast w Rasheed,Travel
Guardian Eyedrops,Travel
Treating David to food,Travel
Gojek,Travel
Treat Dad for his birthday,Travel
Gojek,Travel
Treat Nicole's Parents to Jack Daniels,Travel
Esim for INdo,Travel
Bar food with Edgar & Arica,Travel
Treat Friends to dinner,Travel
Coffee Bread for myself & Nicole parents,Travel
Apple Icloud,Bills
Gojek,Travel
Treat Tasya & Fadli to Genki,Travel
Food @ Changi,Travel
Food @ Changi,Travel
Wasbi Onigiri,Eating Out
Bus singapore,Travel
Pad Thai @ Victoria Park ,Eating Out
Uniqlo Indo,Travel
Dentist Indo,Travel
Council Tax,Bills
Goggles,Shopping
Shoe bags,Shopping
Electricity,Bills
Water,Bills
UBS Lunch,Eating Out
UBS Breakfast,Eating Out
Lidl,Groceries
Tesco,Groceries
New Bedsheets,Shopping
Oyster Topup,Transportation
Lidl,Groceries
UBS Breakfast,Eating Out
Rent,Bills
Photos w yx & Laasya,Social
Asahi,Social
Mcds,Social
UBS Breakfast,Eating Out
Three Uncles,Eating Out
UBS Breakfast,Eating Out
Oyster Topup,Transportation
Tesco,Groceries
Tesco Cds,Groceries
Viet Pho,Eating Out
Donation to homeless church,Gifts
Golden Gate Bread,Eating Out
Noodle & Beer w Nicole,Eating Out
Airbnb Tokyo,Travel
 Kitchen Aid,Shopping
Groceries Lidl,Groceries
M&M,Eating Out
Voxi,Bills
UBS Breakfast,Eating Out
Heytea,Eating Out
Wasabi w Nicole,Eating Out
Lidl,Groceries
M&M,Eating Out
UBS Breakfast,Eating Out
UBS Breakfast,Eating Out
Boots Nail clippers,Shopping
Dog Insurance,Dogs
3 Uncles,Eating Out
UBS Breakfast,Eating Out
Golden Gate Char Siew Bread,Eating Out
Eat Tokyo,Eating Out
Donation to church,Gifts
Mark Bowl,Gifts
Waterstones Gift for Prajj,Gifts
Oyster Topup,Transportation
Lidl,Groceries
UBS Breakfast,Eating Out
Char Kuey Teow w Zarek,Eating Out
UBS Breakfast,Eating Out
Oyster Topup,Transportation
UBS Breakfast,Eating Out
Council Tax,Bills
Virgin Wifi,Bills
Deliveroo Wingstop,Eating Out
ICloud Storage,Bills
Tesco,Groceries
M&S,Groceries
Lidl,Groceries
Deliveroo Pizza,Eating Out
Heytea,Eating Out
UBS Breakfast,Eating Out
UBS Breakfast,Eating Out
Thames Water,Bills
Octopus Elect,Bills
UBS Breakfast,Eating Out
McD,Social
UBS Breakfast,Eating Out
M&S,Groceries
Oyster Topup,Transportation
Lynn Present,Gifts
Asian Mart,Groceries
Dog Poop bag holder,Dogs
Rudys Lynns birthday,Social
Lidl,Groceries
Arcade Games at Lynn Birthday,Social
C&R,Eating Out
Molly Tea,Eating Out
Oyster Topup,Transportation
UBS Breakfast,Eating Out
Three Uncles,Eating Out
UBS choco,Eating Out
Three Uncles copy,Eating Out
UBS Breakfast,Eating Out
Three Uncles,Eating Out
Rent,Bills
Plaza Khao Gaeng,Social
Tk Alex Gift + Cutlery,Social
Movie,Social
Viet Baguette,Social
Viet Baguette,Social
Steam Games,Social
Lidl,Groceries
Voxi,Bills
Uber to Robin Place,Social
Dog Insurance,Dogs
Dinner groceries,Groceries
Tesco Groceries,Groceries
Draw money,Social
Chinatown Bread,Groceries
Tesco Groceries,Groceries
Zima w Aloy ,Social
Oyster Topup,Transportation
M&S,Groceries
Bus tix to exeter,Travel
Journal for Nicole,Gifts
Train for Homeless,Gifts
Money for Homeless,Gifts
Breakfast with David,Eating Out
Ldn Tube,Travel
Lunch with Nicole,Eating Out
Lunch with Nicole,Eating Out
Dinner with Nicole,Eating Out
Sauce cup,Eating Out
Ldn Tube,Travel
Taxi home,Travel
Bus ride change,Travel
Flowers for Nicole,Gifts
Milk,Groceries
Ryanair verification,Travel
Tofu,Groceries
Chicken,Groceries
Sweets,Groceries
Fruits,Groceries
Bus home,Groceries
Tuna Sandwich,Eating Out
Bus change from Ldn - Exeter,Travel
Forum Kitchen Lunch,Eating Out
Starbucks,Eating Out
Hot Choc Pret,Eating Out
Lunch Efes,Eating Out
Sainsbury,Groceries
Bus,Transportation
Voxi,Bills
Train to Southend,Travel
Lunch,Eating Out
Taxi,Transportation
To Stevenage,Travel
Tube,Travel
Train from stevenage to ldn,Travel
Uber to Stevenage Stn,Travel
Train to Ldn from Stevenage,Travel
Wasabi Lunch,Eating Out
Bus to Stansted,Travel
Lunch with anchor brothers,Eating Out
Train to stevenage,Travel
Uber to Stevenage Stn,Travel
Uber to Nicole,Travel
Costa Coffee,Eating Out
Burger King ,Eating Out
Voxi,Bills
Train to Oslo City,Travel
Andersson Bell Sweater for Nicole,Gifts
Coffee in Norway,Eating Out
Warmies for Nicole,Gifts
Co-Op Groceries for Norway,Groceries
Tube Ldn,Travel
Oslo Tourist Pass,Travel
Ski Rental & Ski pass,Travel
Vanilla Milkshake,Eating Out
Postcards for Nicole,Gifts
Apple Crumble Gelato,Eating Out
Strawberry Milkshake,Eating Out
Train to Oslo Airport,Travel
Uber to Nicole's,Travel
To stevenage,Travel
Uber to Stevenage Stn,Travel
Train to Ldn from Stevenage,Travel
Uber to Stevenage Stn,Travel
Train to Ldn from Stevenage,Travel
Burger King,Eating Out
Train to Vienna City Centre,Travel
Lunch,Eating Out
Gelato,Eating Out
Hotel Keycard,Travel
Macs Dinner,Eating Out
Tiramisu Cake,Eating Out
train to budapest that i missed,Travel
Train to budapest,Travel
pizza in vienna,Eating Out
Fried Rice in Budapest,Eating Out
Chicken In Asian Store In Budapest,Eating Out
Aloe Vera in budapest Asian Store,Eating Out
Drinks and Burger at sports bar in Budapest,Eating Out
Costa Coffee at Stansted,Eating Out
Black Sheep Coffee at Heathrow,Eating Out
Curry & Tofu,Groceries
Egg & Pasta Sauce & Cheese,Groceries
Milk,Groceries
Bus home from town,Transportation
Cny Event Singsoc,Social
Sausages & Mentos,Groceries
Thai Milk Tea,Eating Out
Tangyuan,Groceries
Bubble tea,Eating Out
Somboon ,Eating Out
Bus,Transportation
Taxi to bus depot,Travel
Train to Stevenage,Travel
Flowers & Bagel & Jam,Groceries
Uber,Transportation
Uber,Transportation
Uber,Transportation
Uber,Transportation
Beer at spoons,Eating Out
National Express,Travel
Costa Coffee,Eating Out
Tube,Transportation
Burger King Lunch,Eating Out
Voxi Roaming,Travel
Bus to Stockholm Central,Travel
Burgers in Stockholm,Eating Out
Cinnamon Rolls,Eating Out
Co-Op,Groceries
Flix bus to Upsalla,Travel
Ferry Tickets in Stockholm,Travel
Ferry Tickets in Stockholm,Travel
Vanilla Latte & Cinnamon Bun,Eating Out
Bread & Maggie,Groceries
Ikea Meatballs,Eating Out
Ikea Apple Crumble & Ice Cream,Eating Out
Train from Hatfield to Exeter,Travel
Omakase Sushi,Eating Out
Coop,Groceries
Postcards for Nicole,Gifts
Postcards for Nicole,Gifts
Carrot Cake,Eating Out
Bus date change to april,Travel
Bus to Hatfield,Travel
Bus to Gothenburg from Uppsala,Travel
Voxi Roaming,Travel
Kebab at Uppsala to Gothenburg Bus Terminal,Eating Out
Train at Gothenburg,Travel
Voxi Roaming,Travel
Postcard for Nicole,Gifts
Carrot Cake at Gothenburg,Eating Out
Groceries at Gothenburg,Groceries
Bus to Gothenburg Airport,Travel
Postcard for Nicole,Gifts
Dior Sauvage & Chanel no5 for Nicole,Gifts
Bus to Stevenage,Transportation
toilet paper,Groceries
Bus to Stevenage,Transportation
"Tesco, Grapes etc",Groceries
Train to London,Transportation
Tesco,Groceries
Facemasks & toner,Health/Medical
Goldmine Ldn with Nicole,Eating Out
Photobooth in Ldn,Social
Train to London,Transportation
"Knoops, Hot Choco",Eating Out
"Knoops, Cookie",Eating Out
Ldn Tube,Transportation
Tesco,Groceries
Yaegaebomb w Nicole & Nicholas,Social
Yaegaebomb,Social
Yaegaebomb,Social
Yaegaebomb,Social
Ldn Tube,Transportation
Uber to Stevenage,Transportation
M&S,Groceries
Somboon Dinner,Eating Out
Taxi home from Somboon w Nicole,Transportation
Laundry,Bills
Train to St thomas tkmaxx,Transportation
M&S,Groceries
Poundland,Groceries
Train to Exeter Central,Transportation
Tesco,Groceries
Bus Home,Transportation
Voxi,Bills
Milk,Groceries
Asian Mart,Groceries
Bus Home,Transportation
Pret,Eating Out
Efes Grill with Nicole,Eating Out
M&S,Groceries
Train to Exmouth w Nicole,Travel
Pret,Eating Out
Sainsbury,Groceries
Waffles with Nicole,Eating Out
Tesco,Groceries
M&S,Groceries
Sweden Accomodation,Travel
Bus home,Transportation
UBS Transport - Will get Reimbursed,Travel
Stevenage - London,Travel
Refund Admin Charge lol bc UBS wanted me to change dates,Travel
Tesco,Groceries
M&S,Groceries
Tesco,Groceries
Train Tix to Ldn,Travel
M&S,Groceries
Forum Kitchen,Eating Out
Nicole's Ticket to Exeter,Gifts
M&S,Groceries
Tesco,Groceries
Wilko,Groceries
Bus,Transportation
Train Exeter Central to Davids,Transportation
Tesco,Groceries
Forum Kitchen W Nicole,Eating Out
Drinks w Nicole by the Mill,Eating Out
Taxi home after drinks w Nicole,Transportation
Somboon Lunch w Nicole after Mass,Eating Out
M&S,Groceries
Asian Mart,Groceries
Tesco,Groceries
Singsoc Makan Night,Eating Out
Pret Almond Croissants,Eating Out
Namaste Exeter w Nicole,Eating Out
Sainsbury,Groceries
Bus,Transportation
Taxi to St Davids w Nicole,Transportation
Train to Exe Central from St Davids,Transportation
M&S,Groceries
Tesco,Groceries
Overcharged - Waiting for Refund,Transportation
Night Bus,Transportation
Bus to Ldn,Travel
Somboon,Eating Out
Tube,Transportation
LSE Dinner w Nicole,Eating Out
Groceries w Nicole,Groceries
Stevenage-Ldn,Transportation
Toba Dinner,Eating Out
Toba Dinner Nicole,Eating Out
Tube,Transportation
Uber,Transportation
Uber,Transportation
Train to Ldn,Transportation
M&S Cookie,Eating Out
Taxi Home from Bus station,Transportation
Tube,Transportation
Bus to city centre,Transportation
Tikka Masala & Coconut Milk,Groceries
Salt & Grapes,Groceries
Pad Thai,Eating Out
Tesco ,Groceries
M&S,Groceries
Rice,Groceries
Bus,Transportation
Bus,Transportation
Pizzas,Eating Out
Return tix to ldn,Travel
Groceries,Groceries
Tube,Transportation
Movie w Nicole,Social
Firejacks w Nicole,Eating Out
Train Stevenage - Ldn,Travel
Nicole Lunch,Eating Out
Taxi Home from Bus station,Travel
Tube,Transportation
Dinner Forum Kitchen,Eating Out
Pret Egg Sandwich,Eating Out
bus,Transportation
mentos co-op,Groceries
Sandwich co-op,Eating Out
Half Chicken Meal,Eating Out
Burrito Exeter,Eating Out
KinKhao Lunch w Keane & Heegon,Eating Out
M&S,Groceries
Tesco,Groceries
Ldn- Exeter Train,Travel
Streplis for throat,Health/Medical
Carrot Cake @ Waterstones,Eating Out
Somboon,Eating Out
Plymouth tixs w Nicole,Travel
Starbucks Ham& Cheese Panini,Eating Out
Tube,Transportation
Tesco,Groceries
Tesco,Groceries
Plymouth Airbnb,Travel
Tesco,Groceries
Eat Tokyo w Nicole,Eating Out
Ldn-Exeter,Travel
Tube,Transportation
Boots,Health/Medical
Bus home to Stevenage,Transportation
Train to Ldn from Stevenage,Transportation
Bus home to Stevenage,Transportation
Bus home to Stevenage,Transportation
Bus home to Stevenage,Transportation
Train to Ldn from Stevenage,Transportation
Train to Ldn from Stevenage,Transportation
Tube,Transportation
Bus home to Stevenage,Transportation
Krispy Kreme,Eating Out
Tube,Transportation
Tesco,Groceries
Chai Latte w Nicole at Plymouth,Eating Out
Cake by terrace at Plymouth,Eating Out
Fish & Chips @ Plymouth,Eating Out
Ice Cream @ Plymouth,Eating Out
Pasta @ Plymouth,Eating Out
Tesco,Groceries
Fish & Chips @ Plymouth,Eating Out
Mountbatten Ferry,Transportation
Taxi home @ Plymouth,Transportation
Fish & Chips @ Plymouth,Eating Out
Boat ride to Cawsand & Kingsand,Transportation
"Hot tea, Chocolate & Cake @ the Dome Plymouth",Eating Out
Chicken Dinner otw back to Exeter,Eating Out
Voxi,Bills
Train to exeter central,Transportation
Starbucks Breakfast,Eating Out
Hot Choco @ Cafe Nero,Eating Out
Kecap Manis,Groceries
Rasa Sayang London,Eating Out
Bus home to Stevenage,Transportation
Train to Ldn from Stevenage,Transportation
Tube,Transportation
Bus home to Stevenage,Transportation
Bus home to Stevenage,Transportation
Train to Ldn from Stevenage,Transportation
Lunch w Jeremy,Eating Out
Mango Lychee Tea @ Whittard,Eating Out
Tsujiri,Eating Out
Train to Stevenage from Ldn,Transportation
Tube,Transportation
Donuts @ Co-Op,Groceries
Bus home to Stevenage,Transportation
Old Town Lunch w Nicole,Eating Out
Din Tai Feng w Nicole & Nicholas,Eating Out
Tube,Transportation
Train to Ldn from Exeter,Transportation
Tesco,Groceries
Tesco,Groceries
Bus home to Stevenage,Transportation
Grapes & Donuts @ Co-Op,Groceries
Bus home to Stevenage,Transportation
Coffee London,Eating Out
Meet Fresh London,Eating Out
Bus home to Stevenage,Transportation
Tube,Transportation
TK Maxx,Eating Out
Tesco,Groceries
Bus home to Stevenage,Transportation
Japanese Food w Nicole,Eating Out
Whale Tea,Eating Out
Rasa Sayang,Eating Out
Flights to Barcelona,Travel
Tube,Transportation
Airbnb in Barcelona,Travel
Chili Oil,Groceries
Groceries w Nicole,Groceries
Ldn-Exeter,Travel
Exeter-Ldn,Travel
Ldn-Exeter,Travel
Exeter-Ldn,Travel
Bus home to Stevenage,Transportation
Starbucks,Eating Out
Tesco,Groceries
co-op,Groceries
Food,Eating Out
Uber to station,Transportation
Train to Hatfield,Transportation
Tube,Transportation
Filter + Chicken Stock,Gifts
M&S,Groceries
Soy Milk,Groceries
Meat,Groceries
Eggs,Groceries
Taxi,Transportation
Flights to Italy,Travel
Train to London,Travel
Train to Exeter,Travel
Airbnb Italy,Travel
Bus to Florence,Travel
Bus to Rome,Travel
Rent for London,Bills
Bus,Transportation
Bus,Transportation
Train,Travel
Train,Travel
Train,Travel
Train,Travel
Wa cafe with Nicole,Eating Out
Uber,Transportation
Snacks,Groceries
Tube,Transportation
Uber,Travel
Train,Travel
Krispy Kreme,Eating Out
Burger King,Eating Out
Tube,Transportation
Esso,Eating Out
Costa Coffee,Eating Out
Groceries w Nicole,Groceries
Tube,Transportation
Kintan w Nicole,Eating Out
M&S,Groceries
Tesco,Groceries
Sainsbury,Groceries
Asian Mart,Groceries
Bubble Tea,Eating Out
Train to Stansted,Travel
Burger King,Eating Out
Voxi EU addon,Travel
Tube,Transportation
Metro Barcelona,Transportation
Burger Barcelona,Eating Out
Tube,Transportation
Bus Barcelona,Transportation
Tortilla & Sangria Dinner Barcelona,Eating Out
Breakfast Barcelona Orange Juice & Panini,Eating Out
Paella & Octopus & Sangria Lunch,Eating Out
Postcards,Gifts
Postcards,Gifts
Pastry for Dinner,Eating Out
Sangria,Eating Out
Pizza Dominos,Eating Out
Bus Barcelona,Transportation
Bus Barcelona,Transportation
Candle Church,Travel
Entrance fee to top of Tibidabo,Travel
Tortilla & Latte,Eating Out
Bus Ticket to Airport,Travel
Chocolate,Eating Out
Snowglobe for Nicole's Mom,Gifts
Burger King,Eating Out
Stansted-Liverpool,Travel
Lidl,Eating Out
Tube,Transportation
Spain bus,Transportation
Spain bus,Transportation
NIKI Concert,Social
Train To Stevenage,Transportation
Groceries w Nicole,Groceries
Bus Stevenage,Transportation
Tube,Transportation
Tesco,Groceries
Train,Transportation
Tube,Transportation
Lidl,Groceries
Tesco,Groceries
Mango Juice,Groceries
Bus Exeter,Transportation
Train to Brighton,Travel
Airbnb Brighton,Travel
Orange Juice,Groceries
Tube,Transportation
Forum Kitchen,Eating Out
Nicole Almond Croissant,Gifts
Esso,Eating Out
Train to Exeter,Transportation
Starbucks,Eating Out
Tube,Transportation
Tokyo Diner,Eating Out
Ice Cream,Eating Out
Lidl,Groceries
Uber ,Transportation
Tube,Transportation
Co-Op,Groceries
Bus,Transportation
Tesco,Groceries
Baos Kew Garden,Eating Out
LSE,Eating Out
Asian Mart,Groceries
Asian Mart,Groceries
Asian Mart,Groceries
Bus,Transportation
Tube,Transportation
Lidl,Groceries
Tube,Transportation
Lidl,Groceries
June Rent,Bills
Tesco,Groceries
Bus,Transportation
Esso,Groceries
Tortilla,Eating Out
Paella,Eating Out
Tube,Transportation
Paella,Eating Out
Groceries,Groceries
M&S,Groceries
Lidl,Groceries
Tube,Transportation
Uber + bus,Transportation
Milkshake,Eating Out
Tube,Transportation
Train to Stansted,Travel
Voxi Europe,Travel
Burger King,Eating Out
Transport to Venice,Travel
Transport to Venice,Travel
Dinner in Venice,Eating Out
Transport to Venice,Travel
Lunch in Venice,Eating Out
Food,Eating Out
Pedron Caffe,Eating Out
Tube,Transportation
Lunch in Padua,Eating Out
Tram,Transportation
McD,Eating Out
Lunch in Florence,Eating Out
Water,Eating Out
Ice Cream,Eating Out
Dinner in Florence,Eating Out
Dinner in Florence,Eating Out
Water,Eating Out
Dinner in Florence,Eating Out
Ice Cream,Eating Out
Rome Transport,Transportation
McD,Eating Out
McD,Eating Out
McD,Eating Out
McD,Eating Out
Rome Transport,Transportation
Carbonara,Eating Out
Ice Cream,Eating Out
Rome Transport,Transportation
Sandwich,Eating Out
Pisa,Eating Out
Pasta Dinner Pisa,Eating Out
Transport to Airport Pisa,Transportation
Lidl,Groceries
Tube,Transportation
Lidl,Groceries
Dinner w Nicole,Eating Out
Tube,Transportation
Chinatown,Eating Out
Old Town,Eating Out
Wasabi,Eating Out
Tube,Transportation
Lidl,Groceries
Tube,Transportation
Lidl,Groceries
Lidl,Groceries
Tesco,Groceries
Arriva Bus,Transportation
Tube,Transportation
Tesco,Groceries
Lidl,Groceries
The Bystander,Eating Out
Riddle & Fins,Eating Out
Pier View,Eating Out
Tube,Transportation
Tube,Transportation
Tube,Transportation
Wasabi,Eating Out
Meet Fresh,Eating Out
Tube,Transportation
Wasabi,Eating Out
Lidl,Groceries
UBS Breakfast,Eating Out
Tube,Transportation
Chinatown,Eating Out
Bingsu,Eating Out
Tube,Transportation
UBS Breakfast,Eating Out
Eat Tokyo,Eating Out
Arriva Bus,Transportation
Tube,Transportation
July Rent,Bills
Stevenage Bus,Transportation
Trainline,Transportation
Boots,Grooming
Wasabi,Eating Out
Tube,Transportation
Ice Cream,Eating Out
Goldmine,Eating Out
Trainline,Transportation
Tube,Transportation
Stevenage Bus,Transportation
toilet paper,Groceries
Island Poke,Eating Out
Train Fine,Transportation
Tube,Transportation
Lidl,Groceries
Tube,Transportation
UBS Breakfast,Eating Out
Apple Cloud,Bills
Tube,Transportation
Lidl,Groceries
Lidl,Groceries
Tube,Transportation
Tube,Transportation
Voxi,Bills
Lidl,Groceries
Bus,Transportation
Tube,Transportation
Bus,Transportation
Train to Stevenage,Transportation
UBS Coffee,Eating Out
Burger Dinner at Butchies,Eating Out
Skincare + fee,Health/Medical
Tube,Transportation
Lidl,Groceries
Tube,Transportation
Haircut,Health/Medical
Tube,Transportation
Lidl,Groceries
Pizza,Eating Out
Boots,Health/Medical
Rasa Sayang,Eating Out
Tube,Transportation
Tube,Transportation
Lidl,Groceries
Lidl,Groceries
Train,Transportation
Train,Transportation
Train,Transportation
Train,Transportation
Lidl,Groceries
Flight to Morocco,Travel
Pret,Eating Out
Asian Mart Rice,Groceries
Pho,Eating Out
Tube,Transportation
Chai Latte,Eating Out
UBS Breakfast,Eating Out
Tube,Transportation
Tube,Transportation
Lidl,Groceries
Train,Transportation
Lidl,Groceries
Morocco Desert Tour,Travel
Plants at Tesco,Social
Ikea food,Eating Out
Ikea plants,Social
Ikea Dinner,Eating Out
Tube,Transportation
Tesco,Groceries
Lidl,Groceries
Tube,Transportation
Chai Latte,Eating Out
Xingfutang,Eating Out
Tube,Transportation
Lauv Concert,Social
Lidl,Groceries
Five guys Milkshake,Eating Out
Apple Icloud,Bills
Tube,Transportation
Barbie,Social
Voxi,Bills
Chai Latte,Eating Out
Lidl,Groceries
Papa Johns Pizza,Eating Out
Train,Transportation
Tube,Transportation
Eataly Dinner,Eating Out
Ice Cream,Eating Out
Wasabi,Eating Out
Chai Latte,Eating Out
Lidl,Groceries
Tube,Transportation
Tesco,Groceries
Somboon,Eating Out
Train,Transportation
Train to Exmouth,Transportation
KinKhao ,Eating Out
Tube,Transportation
Bread,Eating Out
Bread,Eating Out
Tube,Transportation
Wasabi,Eating Out
Lidl,Groceries
Tube,Transportation
Lidl,Groceries
Lidl,Groceries
Pho,Eating Out
Tube,Transportation
Food from gas station,Eating Out
Food from gas station,Eating Out
Food from gas station,Eating Out
Food from gas station,Eating Out
Drinks with Nicole at Woolwich,Eating Out
Tube,Transportation
Lidl,Groceries
Lidl,Groceries
Chai Latte,Eating Out
Rice Asian Mart,Groceries
Bali Bali Dinner w Nicole,Eating Out
Tube,Transportation
Chai Latte,Eating Out
Eating out,Eating Out
Chai Latte,Eating Out
Paella at Food Market,Eating Out
Tesco,Groceries
Tube,Transportation
Bubble Tea,Eating Out
Tube,Transportation
Eat Tokyo,Eating Out
Ice Cream,Eating Out
Papa Johns Pizza,Eating Out
Tube,Transportation
Ikea Lunch,Eating Out
Plants & Pots & other misc Ikea,Social
Milkshake Ikea,Eating Out
Marugame Udon,Eating Out
Wootea London,Eating Out
Tube,Transportation
Eat Tokyo,Eating Out
Tesco,Groceries
Tesco,Groceries
Poundland,Groceries
Tube,Transportation
Bus to Gatwick,Travel
Train to Stevenage,Transportation
Uber,Transportation
Bus,Transportation
Uber,Transportation
Bus,Transportation
Chinese Takeaway,Eating Out
Bubble Tea,Eating Out
Tube,Transportation
Deliveroo Lunch ,Eating Out
Caffe Nero,Eating Out
Car Rental,Travel
Nandos,Eating Out
Tube,Transportation
Hotel Hissan,Travel
Spa w Nicole Morocco,Travel
YSL Museum w Nicole,Travel
Postcards w Nicole YSL,Travel
Nomad Morocco,Travel
Icloud Subscription,Bills
Train to Rabat,Travel
Voxi,Bills
Hotel Braya,Travel
Paul Airport,Travel
Ticket Change,Travel
Meal Deal Airport,Eating Out
Train to Liverpool from Stansted,Travel
Oyster Card,Travel
Meds,Health/Medical
Morocco Cash Spending,Travel
Waitrose Handsoap,Grooming
Ticket Change,Transportation
Somboon,Eating Out
Waterfall,Travel
Cambridge - Stevenage,Transportation
Exeter - Stevenage,Transportation
McDonalds,Eating Out
Wasabi Onigiri,Eating Out
Bus,Transportation
Chinese Takeaway,Eating Out
McDonalds,Eating Out
Bus,Transportation
Train,Transportation
Train,Transportation
Tube Topup,Transportation
Tesco,Groceries
Coffee Ole & Steen,Eating Out
Train,Transportation
Train,Transportation
Train,Transportation
Train,Transportation
Train,Transportation
Bus,Transportation
Wasabi Onigiri,Eating Out
Kin Khao Food,Eating Out
Cash Withdrawal for storage,Health/Medical
Sainsbury,Groceries
Tesco,Groceries
Tesco,Groceries
Sainsbury,Groceries
Asian Mart,Groceries
Asian Mart,Groceries
Forum Chicken,Eating Out
Chai Latte,Eating Out
Savers ,Grooming
Pint,Social
Pint,Social
tp ticket,Social
Mega Meetup,Social
Pret,Eating Out
Asian Mart,Groceries
Tesco,Groceries
Taxi ,Transportation
uksss website domain,Social
Wasabi,Eating Out
Tesco,Groceries
Bus,Transportation
Eat Tokyo,Eating Out
Wootea,Eating Out
Bus ticket,Transportation
Train,Transportation
Train,Transportation
Bus,Transportation
Wasabi,Eating Out
Tesco,Groceries
Tesco,Groceries
Pint,Social
Pint,Social
M&S,Groceries
Tesco,Groceries
Pint,Social
Pint,Social
Tesco,Groceries
M&S,Groceries
Pint,Social
Pint,Social
Pint,Social
Pizza,Eating Out
Tesco,Groceries
M&S,Groceries
Wilko,Health/Medical
Tesco,Groceries
Soil,Social
vet,Dogs
snoopy sore eyes, Dogs
Heytea,Eating Out
Lidl,Groceries
Tesco,Groceries
MNS,Groceries
Pilates,Health/Medical
Yoga,Health/Medical
Climbing,Health/Medical
Gym,Health/Medical
Arcade,Social
Drinks,Social
Pub,Social
Bar,Social
Church Donation,Gifts
Oyster Topup,Transportation
Yonder,Bills
Subscription, Bills
Netflix, Bills
charlie, Dogs
vet bills,Dogs
snoopy vet bills,Dogs
dog shampoo,Dogs
poop bags,Dogs
snoopy vet,Dogs
dog,Dogs
Dogs,Dogs
vet,Dogs
vet bills,Dogs
vet bills,Dogs
toilet paper,Groceries
