Date,Amount,Description,Category
6/7/26,£8.99,icloud subscription,Bills
7/7/26,£13.51,MnS,Groceries
7/7/26,£2.65,Tesco,Groceries
9/7/26,£3.85,UBS Breakfast,Eating Out
10/7/26,£3.85,UBS Breakfast,Eating Out
10/7/26,£1.65,ubs mints,Eating Out
10/7/26,£6.60,mns,Groceries
10/7/26,£10.50,Steam game,Shopping
11/7/26,£40.00,Oyster topup,Transportation
12/7/26,£40.00,donation to church,Gifts
12/7/26,£32.10,The eight with nicole and robin,Eating Out
12/7/26,£5.99,TKmaxx,Shopping
15/7/26,£14.50,Asian mart,Groceries
15/7/26,£9.50,food market lunch office,Eating Out
15/7/26,£3.85,UBS Breakfast,Eating Out
16/7/26,£156.50,Vet Yearly Vaccinations,Dogs
16/7/26,£4.90,Mns,Groceries
17/7/26,£3.80,UBS Breakfast,Eating Out
17/7/26,£9.50,Persian kebab lunch office,Eating Out
17/7/26,£3.50,mns,Groceries
18/7/26,£5.50,macs,Eating Out
18/7/26,£17.19,Tkmaxx,Shopping
18/7/26,£800.00,rent,Bills
19/7/26,£40.00,Oyster topup,Transportation
19/7/26,£20.00,donation to church,Gifts
19/7/26,£19.98,tkmaxx,Shopping
20/7/26,£3.70,ubs breakfast,Eating Out
20/7/26,£5.70,Lidl,Groceries
22/7/26,£3.80,ubs breakfast,Eating Out
23/7/26,£12.00,voxi,Bills
24/7/26,£40.50,Dinner with Nicole c&r,Eating Out
24/7/26,£3.00,water,Groceries
25/7/26,£15.50,Three uncles,Eating Out
25/7/26,£2.95,Three uncles,Eating Out
25/7/26,£15.40,Mr Foggs,Eating Out
25/7/26,£6.60,Mr Foggs,Eating Out
25/7/26,£15.33,Tesco,Groceries
26/7/26,£38.50,Yi Ban,Eating Out
26/7/26,£16.67,Lidl,Groceries
26/7/26,£103.43,Pooch n Mutt Dog Food,Dogs
27/7/26,£40.00,Oyster topup,Transportation
28/7/26,£3.30,ubs breakfast,Eating Out
28/7/26,£1.85,ubs mints,Eating Out
28/7/26,£5.50,jenki matcha,Eating Out
28/7/26,£4.99,asian mart,Groceries
28/7/26,£14.57,lidl,Groceries
29/7/26,£3.80,ubs breakfast,Eating Out
29/7/26,£12.73,Wifi,Bills
29/7/26,£50.00,nicole bday cake,Eating Out
29/7/26,£49.49,Noodle n Beer,Eating Out
29/7/26,£8.65,Mns,Groceries
30/7/26,£31.00,Mns,Groceries
1/8/26,£37.68,Odeon Movies,Social
1/8/26,£19.26,pizza laasya bday,Eating Out
1/8/26,£30.38,Drinks after Laasya bday,Eating Out
2/8/26,£19.99,fried chicken,Eating Out
2/8/26,£3.18,asian mart,Groceries
3/8/26,£40.00,Oyster Topup,Transportation
3/8/26,£11.16,Lidl,Groceries
3/8/26,£5.18,asian mart,Groceries
4/8/26,£2.20,breakfast office,Eating Out
4/8/26,£1.65,mints ubs,Eating Out
5/8/26,£7.30,UBS food,Eating Out
5/8/26,£1.20,UBS Mints,Eating Out
6/8/26,£69.56,Council tax,Bills
7/8/26,£198.74,SSE Heating,Bills
7/8/26,£8.99,icloud subscription,Bills
7/8/26,£3.80,ubs food,Eating Out
7/8/26,£3.20,ubs food,Eating Out
8/8/26,£22.65,ikea food,Eating Out
9/8/26,£5.50,ikea furniture,Shopping
9/8/26,£52.67,Amazon monitor stand,Shopping
9/8/26,£15.99,kebab and fried chicken for dinner,Eating Out
10/8/26,£40.00,Oyster Topup,Transportation
10/8/26,£3.80,UBS Food,Eating Out
10/8/26,£4.00,UBS Food,Eating Out
10/8/26,£2.00,UBS coffee,Eating Out
11/8/26,£1.65,benugo coffee,Eating Out
12/8/26,£3.30,ubs breakfast,Eating Out
12/8/26,£3.68,ubs breakfast,Eating Out
12/8/26,£6.50,Jenki matcha,Eating Out
13/8/26,£6.21,heytea,Eating Out
14/8/26,£3.80,ubs breakfast,Eating Out
14/8/26,£4.93,ubs breakfast,Eating Out
14/8/26,£29.90,asian mart,Groceries
15/8/26,£6.36,asian mart,Groceries
15/8/26,£28.75,yiban,Eating Out
15/8/26,£11.95,Amazon monitor stand,Shopping
16/8/26,£499.50,mattress,Shopping
16/8/26,£203.59,bed frame,Shopping
16/8/26,£80.73,Amazon items new home,Shopping
16/8/26,£708.50,Couch,Shopping
17/8/26,£40.00,Oyster Topup,Transportation
17/8/26,£7.14,ubs food,Eating Out
17/8/26,£2.80,benugo coffee,Eating Out
17/8/26,£0.65,Tesco,Groceries
17/8/26,£0.40,Tesco,Groceries
18/8/26,£3.80,ubs breakfast,Eating Out
18/8/26,£1.65,mints ubs,Eating Out
18/8/26,£10.95,dinner,Eating Out
19/8/26,£38.73,amazon,Shopping
21/8/26,£7.80,Drinks at dial arch,Eating Out
22/8/26,£12.00,voxi,Bills
23/8/26,£5.60,amazon,Shopping
23/8/26,£52.90,Eat tokyo,Eating Out
24/8/26,£3.80,office Breakfast,Eating Out
24/8/26,£33.30,pizza deliveroo,Eating Out
25/8/26,£3.15,Tesco,Groceries
25/8/26,£28.89,Thames Water,Bills
25/8/26,£8.49,Lidl,Groceries
26/8/26,£2.38,mns,Groceries
26/8/26,£2.50,asian mart,Groceries
27/8/26,£23.61,waggel dog insurance,Dogs
27/8/26,£4.99,tkmaxx,Shopping
27/8/26,£12.50,primark slippers,Shopping
27/8/26,£20.00,noodle bar,Eating Out
27/8/26,£4.80,mns,Groceries
28/8/26,£40.00,Oyster Topup,Transportation
28/8/26,£3.80,Office Breakfast,Eating Out
28/8/26,£9.50,Office Lunch,Eating Out
28/8/26,£9.20,Jinshi,Eating Out
29/8/26,£44.99,Amazon,Shopping
29/8/26,£91.00,Ikea,Shopping
30/8/26,£16.65,ikea food,Eating Out
30/8/26,£42.00,cex,Shopping
30/8/26,£6.66,asian mart,Groceries
31/8/26,£2.70,ikea food,Eating Out
31/8/26,£4.00,mns,Groceries
31/8/26,£21.12,SSE Heating,Bills
31/8/26,£78.99,Wayfair Lamp,Shopping
1/9/26,£3.85,ubs breakfast,Eating Out
2/9/26,£14.50,wifi,Bills
3/9/26,£8.40,tfl,Transportation
3/9/26,£1.65,mints office,Eating Out
3/9/26,£5.99,kebab,Eating Out
4/9/26,£3.80,ubs food,Eating Out
4/9/26,£9.50,kebab,Eating Out
4/9/26,£1.65,mints office,Eating Out
5/9/26,£31.00,thames water,Bills
5/9/26,£15.00,electricity,Bills
5/9/26,£3.63,mns,Groceries
6/9/26,£40.00,Oyster Topup,Transportation
6/9/26,£8.99,icloud,Bills
6/9/26,£27.58,amazon,Shopping
6/9/26,£36.99,korean food,Eating Out
6/9/26,£30.00,switch game,Shopping
6/9/26,£11.20,lidl,Groceries
6/9/26,£1.59,asian mart,Groceries
7/9/26,£3.80,breakfast office,Eating Out
7/9/26,£9.50,food office,Eating Out
7/9/26,£2.00,matcha office,Eating Out
7/9/26,£23.79,Amazon,Shopping
8/9/26,£3.00,amazon prime,Bills
8/9/26,£9.61,Lidl,Groceries
10/9/26,£5.99,kebab,Eating Out
11/9/26,£3.80,office breakfast,Eating Out
11/9/26,£10.00,office lunch,Eating Out
11/9/26,£1.65,mints,Eating Out
12/9/26,£11.55,dog food,Dogs
12/9/26,£55.96,tkmaxx,Shopping
12/9/26,£13.99,korean food,Eating Out
12/9/26,£4.10,Asian Mart,Groceries
13/9/26,£9.08,bar drinks,Eating Out
14/9/26,£3.80,breakfast office,Eating Out
14/9/26,£10.50,lunch office,Eating Out
15/9/26,£38.89,Korean food,Eating Out
15/9/26,£18.85,Amazon,Shopping
16/9/26,£40.00,Oyster Topup,Transportation
16/9/26,£5.99,kebab,Eating Out
18/9/26,£3.80,ubs breakfast,Eating Out
18/9/26,£9.50,office lunch,Eating Out
18/9/26,£1.65,mints,Eating Out
18/9/26,£5.99,kebab,Eating Out
18/9/26,£9.50,onsu bakery,Eating Out
18/9/26,£5.00,golden gate bread,Eating Out
18/9/26,£22.05,amazon,Shopping
20/9/26,£27.71,dog insurance,Dogs
20/9/26,£28.05,yi ban,Eating Out
20/9/26,£11.61,Lidl,Groceries
21/9/26,£12.00,voxi mobile,Bills
21/9/26,£3.80,office breakfast,Eating Out
21/9/26,£1.65,mints,Eating Out
21/9/26,£4.50,Jenki Matcha,Eating Out
22/9/26,£48.00,treat nicole to noodles,Eating Out